"","Date/Time","Lat","Lon","Base"
"1","4/1/2014 0:11:00",40.76904735,-73.9548761,"B02512"
"2","4/1/2014 0:17:00",40.72668741,-74.03452743,"B02512"
"3","4/1/2014 0:21:00",40.73162128,-73.98734359,"B02512"
"4","4/1/2014 0:28:00",40.75875632,-73.97755539,"B02512"
"5","4/1/2014 0:33:00",40.75943894,-73.97218195,"B02512"
"6","4/1/2014 0:33:00",40.73830444,-74.04034892,"B02512"
"7","4/1/2014 0:39:00",40.7222737,-73.98873455,"B02512"
"8","4/1/2014 0:45:00",40.76200972,-73.97896028,"B02512"
"9","4/1/2014 0:55:00",40.75238508,-73.99600971,"B02512"
"10","4/1/2014 1:01:00",40.75753379,-73.98455811,"B02512"
"11","4/1/2014 1:19:00",40.72555527,-73.98689593,"B02512"
"12","4/1/2014 1:48:00",40.75907744,-73.96840179,"B02512"
"13","4/1/2014 1:49:00",40.72711745,-73.98030633,"B02512"
"14","4/1/2014 2:11:00",40.64627726,-73.78962977,"B02512"
"15","4/1/2014 2:25:00",40.75640574,-73.91667222,"B02512"
"16","4/1/2014 2:31:00",40.7665803,-73.95310232,"B02512"
"17","4/1/2014 2:43:00",40.75804517,-73.9760791,"B02512"
"18","4/1/2014 3:22:00",40.72382671,-73.98214976,"B02512"
"19","4/1/2014 3:35:00",40.75307649,-74.00393934,"B02512"
"20","4/1/2014 3:35:00",40.73891459,-74.03927964,"B02512"
"21","4/1/2014 3:41:00",40.76192477,-73.97150417,"B02512"
"22","4/1/2014 4:11:00",40.75300709,-74.00415259,"B02512"
"23","4/1/2014 4:15:00",40.65607455,-73.95314337,"B02512"
"24","4/1/2014 4:19:00",40.72500676,-73.98436133,"B02512"
"25","4/1/2014 4:20:00",40.69501688,-74.17831764,"B02512"
"26","4/1/2014 4:26:00",40.9858549,-74.15778902,"B02512"
"27","4/1/2014 4:27:00",40.68785544,-74.18139288,"B02512"
"28","4/1/2014 4:38:00",40.68784259,-74.18155524,"B02512"
"29","4/1/2014 4:47:00",40.72342229,-73.99735226,"B02512"
"30","4/1/2014 4:49:00",40.73362306,-73.99001735,"B02512"
"31","4/1/2014 5:08:00",40.71406427,-74.00942728,"B02512"
"32","4/1/2014 5:12:00",40.78931448,-73.97093612,"B02512"
"33","4/1/2014 5:18:00",40.77468395,-73.99104313,"B02512"
"34","4/1/2014 5:19:00",40.76890694,-73.98764402,"B02512"
"35","4/1/2014 5:23:00",40.77440504,-74.0149474,"B02512"
"36","4/1/2014 5:24:00",40.73931578,-73.99737542,"B02512"
"37","4/1/2014 5:24:00",40.77762351,-73.97519459,"B02512"
"38","4/1/2014 5:27:00",40.64834998,-73.78292793,"B02512"
"39","4/1/2014 5:34:00",40.69074335,-74.17818711,"B02512"
"40","4/1/2014 5:36:00",40.72166942,-73.98751376,"B02512"
"41","4/1/2014 5:36:00",40.76505254,-73.96324406,"B02512"
"42","4/1/2014 5:40:00",40.74365968,-73.99848626,"B02512"
"43","4/1/2014 5:43:00",40.76052053,-73.97802515,"B02512"
"44","4/1/2014 5:44:00",40.74299002,-74.0300598,"B02512"
"45","4/1/2014 5:44:00",40.74299002,-74.0300598,"B02512"
"46","4/1/2014 5:49:00",40.74229527,-74.0371472,"B02512"
"47","4/1/2014 5:49:00",40.72358921,-74.00372311,"B02512"
"48","4/1/2014 5:52:00",40.77234455,-73.95271202,"B02512"
"49","4/1/2014 5:52:00",40.75743881,-73.98624649,"B02512"
"50","4/1/2014 5:53:00",40.78378759,-73.95036084,"B02512"
"51","4/1/2014 5:54:00",40.7710802,-73.98714573,"B02512"
"52","4/1/2014 5:56:00",40.75711641,-73.97255617,"B02512"
"53","4/1/2014 5:56:00",40.7441597,-73.9854353,"B02512"
"54","4/1/2014 5:58:00",40.71660122,-74.01444725,"B02512"
"55","4/1/2014 6:00:00",40.75071688,-73.97028875,"B02512"
"56","4/1/2014 6:01:00",40.73369293,-73.99794973,"B02512"
"57","4/1/2014 6:02:00",40.72358374,-74.01109581,"B02512"
"58","4/1/2014 6:03:00",40.7151027,-74.04637635,"B02512"
"59","4/1/2014 6:06:00",40.7700506,-73.95883181,"B02512"
"60","4/1/2014 6:08:00",40.85996504,-73.91415283,"B02512"
"61","4/1/2014 6:08:00",40.75545239,-73.97293394,"B02512"
"62","4/1/2014 6:14:00",40.72490609,-74.03549345,"B02512"
"63","4/1/2014 6:14:00",40.61929051,-74.15697271,"B02512"
"64","4/1/2014 6:15:00",40.77529047,-73.97796602,"B02512"
"65","4/1/2014 6:15:00",40.72041153,-73.95446633,"B02512"
"66","4/1/2014 6:16:00",40.77721656,-73.95949032,"B02512"
"67","4/1/2014 6:17:00",40.76510905,-74.08203104,"B02512"
"68","4/1/2014 6:17:00",40.74002324,-73.98792772,"B02512"
"69","4/1/2014 6:19:00",40.77409462,-73.95684637,"B02512"
"70","4/1/2014 6:20:00",40.75987015,-73.99438164,"B02512"
"71","4/1/2014 6:21:00",40.75310543,-74.00391775,"B02512"
"72","4/1/2014 6:22:00",40.77911215,-73.9623036,"B02512"
"73","4/1/2014 6:25:00",40.73823198,-74.00330795,"B02512"
"74","4/1/2014 6:31:00",40.73913039,-73.99887267,"B02512"
"75","4/1/2014 6:31:00",40.78060036,-73.98200878,"B02512"
"76","4/1/2014 6:32:00",40.73218552,-73.98629621,"B02512"
"77","4/1/2014 6:33:00",40.77030628,-73.96601894,"B02512"
"78","4/1/2014 6:34:00",40.72213965,-74.00184581,"B02512"
"79","4/1/2014 6:35:00",40.75879327,-73.98946271,"B02512"
"80","4/1/2014 6:36:00",40.76766225,-73.96555969,"B02512"
"81","4/1/2014 6:37:00",40.740429,-74.00763025,"B02512"
"82","4/1/2014 6:38:00",40.76791695,-73.95987033,"B02512"
"83","4/1/2014 6:39:00",40.76941186,-73.9852027,"B02512"
"84","4/1/2014 6:40:00",40.78575217,-73.95461312,"B02512"
"85","4/1/2014 6:40:00",40.77418778,-73.94905141,"B02512"
"86","4/1/2014 6:42:00",40.77030519,-73.94999423,"B02512"
"87","4/1/2014 6:42:00",40.76135015,-73.99966635,"B02512"
"88","4/1/2014 6:43:00",40.79299213,-73.97486495,"B02512"
"89","4/1/2014 6:44:00",40.72314598,-73.94417739,"B02512"
"90","4/1/2014 6:45:00",40.78739849,-73.95452063,"B02512"
"91","4/1/2014 6:47:00",40.76890346,-73.98118568,"B02512"
"92","4/1/2014 6:47:00",40.77885768,-73.95568952,"B02512"
"93","4/1/2014 6:48:00",40.72708367,-74.00540376,"B02512"
"94","4/1/2014 6:52:00",40.78771842,-73.97299092,"B02512"
"95","4/1/2014 6:52:00",40.72545372,-74.00919523,"B02512"
"96","4/1/2014 6:54:00",40.76527532,-73.97226554,"B02512"
"97","4/1/2014 6:56:00",40.76435791,-73.97690462,"B02512"
"98","4/1/2014 6:57:00",40.77255977,-73.95322172,"B02512"
"99","4/1/2014 6:59:00",40.78979382,-73.96606851,"B02512"
"100","4/1/2014 7:00:00",40.78393788,-73.97033944,"B02512"
"101","4/1/2014 7:00:00",40.72357814,-74.00160232,"B02512"
"102","4/1/2014 7:00:00",40.69902625,-73.99508656,"B02512"
"103","4/1/2014 7:00:00",40.75810291,-73.92194767,"B02512"
"104","4/1/2014 7:01:00",40.76801837,-73.91911372,"B02512"
"105","4/1/2014 7:02:00",40.7676841,-73.98965257,"B02512"
"106","4/1/2014 7:02:00",40.77099005,-73.86597256,"B02512"
"107","4/1/2014 7:03:00",40.78078799,-73.94873774,"B02512"
"108","4/1/2014 7:06:00",40.71471848,-74.03623232,"B02512"
"109","4/1/2014 7:07:00",40.77323636,-73.95037263,"B02512"
"110","4/1/2014 7:08:00",40.73347973,-74.0043217,"B02512"
"111","4/1/2014 7:08:00",40.77543686,-73.97816425,"B02512"
"112","4/1/2014 7:09:00",40.77524895,-73.9455116,"B02512"
"113","4/1/2014 7:09:00",40.72429981,-74.0021407,"B02512"
"114","4/1/2014 7:09:00",40.77864799,-73.95117247,"B02512"
"115","4/1/2014 7:11:00",40.78773801,-73.97877253,"B02512"
"116","4/1/2014 7:12:00",40.86744283,-73.88221334,"B02512"
"117","4/1/2014 7:14:00",40.76776549,-73.97035383,"B02512"
"118","4/1/2014 7:15:00",40.77488875,-73.9587213,"B02512"
"119","4/1/2014 7:15:00",40.7209052,-73.98129934,"B02512"
"120","4/1/2014 7:17:00",40.75603627,-73.97521072,"B02512"
"121","4/1/2014 7:17:00",40.79230493,-73.96755151,"B02512"
"122","4/1/2014 7:20:00",40.73902449,-73.99913259,"B02512"
"123","4/1/2014 7:21:00",40.72729052,-73.97969359,"B02512"
"124","4/1/2014 7:22:00",40.77510938,-73.94752244,"B02512"
"125","4/1/2014 7:22:00",40.74057271,-73.99829792,"B02512"
"126","4/1/2014 7:23:00",40.83643146,-74.146079,"B02512"
"127","4/1/2014 7:24:00",40.74516105,-73.99099929,"B02512"
"128","4/1/2014 7:25:00",40.78051327,-73.94814456,"B02512"
"129","4/1/2014 7:25:00",40.78051327,-73.94814456,"B02512"
"130","4/1/2014 7:26:00",40.78138621,-73.95128097,"B02512"
"131","4/1/2014 7:26:00",40.78635227,-73.96988905,"B02512"
"132","4/1/2014 7:27:00",40.78298552,-73.95591541,"B02512"
"133","4/1/2014 7:28:00",40.75822176,-73.99280726,"B02512"
"134","4/1/2014 7:29:00",40.7215926,-74.00460019,"B02512"
"135","4/1/2014 7:29:00",40.72979524,-73.99882709,"B02512"
"136","4/1/2014 7:29:00",40.77463163,-73.95601161,"B02512"
"137","4/1/2014 7:30:00",40.72080898,-73.99400169,"B02512"
"138","4/1/2014 7:32:00",40.76687806,-73.96174218,"B02512"
"139","4/1/2014 7:32:00",40.70837288,-74.00639019,"B02512"
"140","4/1/2014 7:35:00",40.74252385,-73.99422423,"B02512"
"141","4/1/2014 7:35:00",40.74238316,-73.98377266,"B02512"
"142","4/1/2014 7:35:00",40.77242212,-73.95501672,"B02512"
"143","4/1/2014 7:37:00",40.77874391,-73.95594086,"B02512"
"144","4/1/2014 7:38:00",40.77517526,-73.96373866,"B02512"
"145","4/1/2014 7:38:00",40.77542034,-73.95000191,"B02512"
"146","4/1/2014 7:38:00",40.73678924,-74.00442886,"B02512"
"147","4/1/2014 7:40:00",40.71740374,-73.99235376,"B02512"
"148","4/1/2014 7:42:00",40.73047101,-73.99344128,"B02512"
"149","4/1/2014 7:45:00",40.77469246,-73.96126675,"B02512"
"150","4/1/2014 7:45:00",40.72289838,-73.99397504,"B02512"
"151","4/1/2014 7:46:00",40.73957153,-73.98095375,"B02512"
"152","4/1/2014 7:46:00",40.72498368,-73.99935076,"B02512"
"153","4/1/2014 7:50:00",40.69503539,-74.1774153,"B02512"
"154","4/1/2014 7:51:00",40.71904907,-74.0064305,"B02512"
"155","4/1/2014 7:51:00",40.82705086,-73.97260923,"B02512"
"156","4/1/2014 7:53:00",40.77934651,-73.94945246,"B02512"
"157","4/1/2014 7:54:00",40.72656591,-73.98010738,"B02512"
"158","4/1/2014 7:55:00",40.69216371,-74.18108844,"B02512"
"159","4/1/2014 7:56:00",40.74177907,-74.00741676,"B02512"
"160","4/1/2014 7:56:00",40.71081641,-73.98454338,"B02512"
"161","4/1/2014 7:57:00",40.78565457,-73.98021639,"B02512"
"162","4/1/2014 7:59:00",40.77570248,-73.9501832,"B02512"
"163","4/1/2014 8:01:00",40.75141948,-73.96990187,"B02512"
"164","4/1/2014 8:02:00",40.73426671,-73.99355879,"B02512"
"165","4/1/2014 8:05:00",40.73396249,-74.00938734,"B02512"
"166","4/1/2014 8:05:00",40.71803222,-74.00990409,"B02512"
"167","4/1/2014 8:07:00",40.72867569,-73.98048637,"B02512"
"168","4/1/2014 8:08:00",40.75797738,-73.97068479,"B02512"
"169","4/1/2014 8:08:00",40.69202971,-74.18128367,"B02512"
"170","4/1/2014 8:08:00",40.77796564,-73.9486706,"B02512"
"171","4/1/2014 8:08:00",40.76582835,-73.96918765,"B02512"
"172","4/1/2014 8:08:00",40.72224035,-74.01036191,"B02512"
"173","4/1/2014 8:10:00",40.73287673,-73.98809227,"B02512"
"174","4/1/2014 8:11:00",40.76585117,-73.97662735,"B02512"
"175","4/1/2014 8:16:00",40.77892029,-73.96179783,"B02512"
"176","4/1/2014 8:18:00",40.78902392,-73.9743033,"B02512"
"177","4/1/2014 8:19:00",40.76168643,-73.98431523,"B02512"
"178","4/1/2014 8:19:00",40.72139667,-73.94752915,"B02512"
"179","4/1/2014 8:20:00",40.75951451,-73.99130347,"B02512"
"180","4/1/2014 8:21:00",40.79313703,-73.97476127,"B02512"
"181","4/1/2014 8:21:00",40.73712389,-74.00043103,"B02512"
"182","4/1/2014 8:22:00",40.73447529,-73.99601544,"B02512"
"183","4/1/2014 8:24:00",40.77473033,-73.99120838,"B02512"
"184","4/1/2014 8:24:00",40.88219468,-73.92112121,"B02512"
"185","4/1/2014 8:25:00",40.76202166,-73.97868854,"B02512"
"186","4/1/2014 8:25:00",40.76202166,-73.97868854,"B02512"
"187","4/1/2014 8:27:00",40.73258748,-74.00379695,"B02512"
"188","4/1/2014 8:28:00",40.75548548,-73.97374483,"B02512"
"189","4/1/2014 8:28:00",40.7595632,-73.98544882,"B02512"
"190","4/1/2014 8:29:00",40.69038451,-74.17776476,"B02512"
"191","4/1/2014 8:29:00",40.69038451,-74.17776476,"B02512"
"192","4/1/2014 8:30:00",40.74076444,-73.99136608,"B02512"
"193","4/1/2014 8:32:00",40.68192098,-73.93582239,"B02512"
"194","4/1/2014 8:32:00",40.7624434,-73.97137566,"B02512"
"195","4/1/2014 8:36:00",40.78054903,-73.95479013,"B02512"
"196","4/1/2014 8:39:00",40.78892917,-73.95416663,"B02512"
"197","4/1/2014 8:42:00",40.78348251,-73.9512959,"B02512"
"198","4/1/2014 8:43:00",40.76513604,-73.96171946,"B02512"
"199","4/1/2014 8:43:00",40.72613431,-73.99179255,"B02512"
"200","4/1/2014 8:44:00",40.73031925,-73.99365426,"B02512"
"201","4/1/2014 8:44:00",40.87358565,-74.06275936,"B02512"
"202","4/1/2014 8:45:00",40.72400743,-73.99810874,"B02512"
"203","4/1/2014 8:46:00",40.77442156,-73.95780067,"B02512"
"204","4/1/2014 8:49:00",40.76066727,-73.98608666,"B02512"
"205","4/1/2014 8:49:00",40.77492611,-73.98407836,"B02512"
"206","4/1/2014 8:51:00",40.76245484,-73.97241837,"B02512"
"207","4/1/2014 8:52:00",40.73774088,-73.99653277,"B02512"
"208","4/1/2014 8:54:00",40.7387737,-74.00871235,"B02512"
"209","4/1/2014 8:56:00",40.76766619,-73.98095244,"B02512"
"210","4/1/2014 8:58:00",40.76906451,-73.96521032,"B02512"
"211","4/1/2014 8:58:00",40.78162048,-73.96016864,"B02512"
"212","4/1/2014 8:58:00",40.77391936,-73.87169505,"B02512"
"213","4/1/2014 9:00:00",40.78410731,-73.95423434,"B02512"
"214","4/1/2014 9:02:00",40.74264576,-73.99634049,"B02512"
"215","4/1/2014 9:05:00",40.77095698,-73.86685635,"B02512"
"216","4/1/2014 9:06:00",40.77498583,-73.98881245,"B02512"
"217","4/1/2014 9:07:00",40.7355592,-74.00287368,"B02512"
"218","4/1/2014 9:08:00",40.76656566,-73.97841454,"B02512"
"219","4/1/2014 9:10:00",40.71181873,-73.94988396,"B02512"
"220","4/1/2014 9:12:00",40.70974797,-74.01531737,"B02512"
"221","4/1/2014 9:15:00",40.74383402,-74.00609938,"B02512"
"222","4/1/2014 9:16:00",40.75999877,-73.98605992,"B02512"
"223","4/1/2014 9:16:00",40.7751673,-73.96347945,"B02512"
"224","4/1/2014 9:23:00",40.77875798,-73.9559744,"B02512"
"225","4/1/2014 9:24:00",40.80782482,-73.96392449,"B02512"
"226","4/1/2014 9:24:00",40.76313206,-73.97841294,"B02512"
"227","4/1/2014 9:25:00",40.77877549,-73.95098384,"B02512"
"228","4/1/2014 9:25:00",40.77137815,-73.95940865,"B02512"
"229","4/1/2014 9:28:00",40.76940855,-73.98298385,"B02512"
"230","4/1/2014 9:30:00",40.73302552,-73.99011366,"B02512"
"231","4/1/2014 9:32:00",40.74116813,-73.98776069,"B02512"
"232","4/1/2014 9:35:00",40.75257358,-73.97496555,"B02512"
"233","4/1/2014 9:38:00",40.76015778,-73.95983152,"B02512"
"234","4/1/2014 9:42:00",40.77296164,-73.96692244,"B02512"
"235","4/1/2014 9:46:00",40.76282335,-73.99481289,"B02512"
"236","4/1/2014 9:46:00",40.7752129,-73.96358905,"B02512"
"237","4/1/2014 9:48:00",40.72827553,-74.00706723,"B02512"
"238","4/1/2014 9:49:00",40.71945128,-74.03667874,"B02512"
"239","4/1/2014 9:49:00",40.71945128,-74.03667874,"B02512"
"240","4/1/2014 9:52:00",40.7746937,-73.99114823,"B02512"
"241","4/1/2014 9:52:00",40.74013244,-73.99201039,"B02512"
"242","4/1/2014 9:54:00",40.76864982,-73.96981487,"B02512"
"243","4/1/2014 9:54:00",40.73364205,-73.99823179,"B02512"
"244","4/1/2014 9:55:00",40.77947754,-73.98367878,"B02512"
"245","4/1/2014 9:58:00",40.71480668,-74.01617505,"B02512"
"246","4/1/2014 9:58:00",40.74377849,-73.97591111,"B02512"
"247","4/1/2014 9:58:00",40.7449546,-73.98878949,"B02512"
"248","4/1/2014 10:01:00",40.77679095,-73.97730136,"B02512"
"249","4/1/2014 10:01:00",40.75944523,-73.96604301,"B02512"
"250","4/1/2014 10:04:00",40.77405942,-73.87262645,"B02512"
"251","4/1/2014 10:05:00",40.73669951,-73.99072261,"B02512"
"252","4/1/2014 10:06:00",40.73676186,-73.9846546,"B02512"
"253","4/1/2014 10:07:00",40.80793676,-73.96381049,"B02512"
"254","4/1/2014 10:15:00",40.66780702,-73.79562769,"B02512"
"255","4/1/2014 10:15:00",40.7209692,-74.00332413,"B02512"
"256","4/1/2014 10:15:00",40.77644017,-73.95984921,"B02512"
"257","4/1/2014 10:18:00",40.77463202,-73.9581156,"B02512"
"258","4/1/2014 10:18:00",40.77449005,-73.96384514,"B02512"
"259","4/1/2014 10:22:00",40.72243444,-73.99351127,"B02512"
"260","4/1/2014 10:22:00",40.77360809,-73.96258984,"B02512"
"261","4/1/2014 10:23:00",40.734773,-73.992852,"B02512"
"262","4/1/2014 10:27:00",40.76045743,-73.99911457,"B02512"
"263","4/1/2014 10:27:00",40.69478159,-74.17792154,"B02512"
"264","4/1/2014 10:29:00",40.75734012,-73.98768257,"B02512"
"265","4/1/2014 10:32:00",40.6948811,-74.17806185,"B02512"
"266","4/1/2014 10:32:00",40.6948811,-74.17806185,"B02512"
"267","4/1/2014 10:32:00",40.7771225,-73.97543603,"B02512"
"268","4/1/2014 10:33:00",40.75842191,-73.98898347,"B02512"
"269","4/1/2014 10:33:00",40.75496762,-73.98781274,"B02512"
"270","4/1/2014 10:34:00",40.72258527,-74.00040697,"B02512"
"271","4/1/2014 10:34:00",40.77398493,-73.96067159,"B02512"
"272","4/1/2014 10:34:00",40.77178287,-73.96542541,"B02512"
"273","4/1/2014 10:34:00",40.77480772,-73.99100548,"B02512"
"274","4/1/2014 10:36:00",40.77495004,-73.95947076,"B02512"
"275","4/1/2014 10:37:00",40.76356574,-73.96360401,"B02512"
"276","4/1/2014 10:37:00",40.77429323,-73.9847303,"B02512"
"277","4/1/2014 10:41:00",40.76882701,-73.86274897,"B02512"
"278","4/1/2014 10:43:00",40.72538487,-74.00711074,"B02512"
"279","4/1/2014 10:44:00",40.75341617,-73.9748306,"B02512"
"280","4/1/2014 10:44:00",40.77730711,-73.95949029,"B02512"
"281","4/1/2014 10:46:00",40.72331571,-74.00622251,"B02512"
"282","4/1/2014 10:46:00",40.76299681,-73.97810642,"B02512"
"283","4/1/2014 10:48:00",40.78223951,-73.95988952,"B02512"
"284","4/1/2014 10:53:00",40.69162514,-73.967655,"B02512"
"285","4/1/2014 10:54:00",40.75765739,-73.96941442,"B02512"
"286","4/1/2014 10:55:00",40.76683367,-73.97889675,"B02512"
"287","4/1/2014 10:58:00",40.77409457,-73.96289595,"B02512"
"288","4/1/2014 10:59:00",40.7271229,-74.00580316,"B02512"
"289","4/1/2014 10:59:00",40.70716395,-74.00486581,"B02512"
"290","4/1/2014 11:01:00",40.74118166,-73.99635139,"B02512"
"291","4/1/2014 11:01:00",40.78826878,-74.04560196,"B02512"
"292","4/1/2014 11:01:00",40.78826878,-74.04560196,"B02512"
"293","4/1/2014 11:02:00",40.75676234,-73.97213804,"B02512"
"294","4/1/2014 11:02:00",40.76237748,-73.972819,"B02512"
"295","4/1/2014 11:02:00",40.74570193,-73.9916374,"B02512"
"296","4/1/2014 11:03:00",40.78634062,-73.97742245,"B02512"
"297","4/1/2014 11:04:00",40.75931976,-73.97209919,"B02512"
"298","4/1/2014 11:05:00",40.73977219,-73.99115513,"B02512"
"299","4/1/2014 11:06:00",40.82749317,-74.04683894,"B02512"
"300","4/1/2014 11:06:00",40.82749317,-74.04683894,"B02512"
"301","4/1/2014 11:06:00",40.7685909,-73.96579776,"B02512"
"302","4/1/2014 11:09:00",40.75659169,-73.97649704,"B02512"
"303","4/1/2014 11:11:00",40.71032639,-73.98463635,"B02512"
"304","4/1/2014 11:12:00",40.74143504,-73.99024199,"B02512"
"305","4/1/2014 11:13:00",40.74392136,-73.98990336,"B02512"
"306","4/1/2014 11:14:00",40.76193177,-73.97299572,"B02512"
"307","4/1/2014 11:15:00",40.72006058,-74.00409791,"B02512"
"308","4/1/2014 11:16:00",40.73285222,-73.99134966,"B02512"
"309","4/1/2014 11:16:00",40.7581962,-73.98153964,"B02512"
"310","4/1/2014 11:17:00",40.77465897,-73.9583786,"B02512"
"311","4/1/2014 11:17:00",40.77751298,-73.96124689,"B02512"
"312","4/1/2014 11:17:00",40.77300913,-73.9801696,"B02512"
"313","4/1/2014 11:18:00",40.73922039,-73.9991383,"B02512"
"314","4/1/2014 11:20:00",40.73683467,-73.99583263,"B02512"
"315","4/1/2014 11:21:00",40.80518201,-73.96615173,"B02512"
"316","4/1/2014 11:22:00",40.72052442,-74.00314377,"B02512"
"317","4/1/2014 11:22:00",40.76331615,-73.98285487,"B02512"
"318","4/1/2014 11:24:00",40.6922155,-73.94407438,"B02512"
"319","4/1/2014 11:25:00",40.74763614,-73.99694164,"B02512"
"320","4/1/2014 11:28:00",40.7707432,-73.98151668,"B02512"
"321","4/1/2014 11:33:00",40.72566514,-73.99716471,"B02512"
"322","4/1/2014 11:33:00",40.76105558,-73.97540685,"B02512"
"323","4/1/2014 11:34:00",40.70348048,-74.01073784,"B02512"
"324","4/1/2014 11:34:00",40.75907995,-73.99604067,"B02512"
"325","4/1/2014 11:35:00",40.741926,-74.00358909,"B02512"
"326","4/1/2014 11:37:00",40.75498279,-73.97460345,"B02512"
"327","4/1/2014 11:39:00",40.74718536,-73.98629897,"B02512"
"328","4/1/2014 11:40:00",40.75477048,-73.98469836,"B02512"
"329","4/1/2014 11:41:00",40.77973682,-73.97623231,"B02512"
"330","4/1/2014 11:41:00",40.73234474,-74.00763427,"B02512"
"331","4/1/2014 11:42:00",40.77413615,-73.87262905,"B02512"
"332","4/1/2014 11:43:00",40.70740351,-74.01716928,"B02512"
"333","4/1/2014 11:44:00",40.63339662,-73.99541337,"B02512"
"334","4/1/2014 11:45:00",40.70999418,-74.0114446,"B02512"
"335","4/1/2014 11:45:00",40.73863607,-73.9896752,"B02512"
"336","4/1/2014 11:47:00",40.70954542,-74.01557453,"B02512"
"337","4/1/2014 11:47:00",40.7024379,-74.01327814,"B02512"
"338","4/1/2014 11:47:00",40.75806142,-73.9618902,"B02512"
"339","4/1/2014 11:48:00",40.7684787,-73.86246792,"B02512"
"340","4/1/2014 11:50:00",40.73892554,-73.98738805,"B02512"
"341","4/1/2014 11:53:00",40.7735895,-73.87159107,"B02512"
"342","4/1/2014 11:54:00",40.71538291,-74.01628263,"B02512"
"343","4/1/2014 11:59:00",40.7599194,-73.98042048,"B02512"
"344","4/1/2014 11:59:00",40.75585585,-73.98742718,"B02512"
"345","4/1/2014 12:02:00",40.78515876,-74.02197842,"B02512"
"346","4/1/2014 12:02:00",40.78515876,-74.02197842,"B02512"
"347","4/1/2014 12:04:00",40.68778315,-74.18169094,"B02512"
"348","4/1/2014 12:07:00",40.68642694,-73.9747337,"B02512"
"349","4/1/2014 12:10:00",40.82885583,-73.94509185,"B02512"
"350","4/1/2014 12:10:00",40.82885583,-73.94509185,"B02512"
"351","4/1/2014 12:13:00",40.76723496,-73.96815517,"B02512"
"352","4/1/2014 12:14:00",40.74980427,-73.98164629,"B02512"
"353","4/1/2014 12:15:00",40.67510765,-73.80158295,"B02512"
"354","4/1/2014 12:16:00",40.75439659,-73.96919388,"B02512"
"355","4/1/2014 12:17:00",40.76848151,-73.95353361,"B02512"
"356","4/1/2014 12:19:00",40.76836366,-73.95988818,"B02512"
"357","4/1/2014 12:19:00",40.77277774,-73.96726778,"B02512"
"358","4/1/2014 12:19:00",40.77024314,-73.95774979,"B02512"
"359","4/1/2014 12:20:00",40.76466653,-73.97956361,"B02512"
"360","4/1/2014 12:20:00",40.7868393,-73.97198939,"B02512"
"361","4/1/2014 12:20:00",40.71777934,-74.00347827,"B02512"
"362","4/1/2014 12:24:00",40.77324595,-73.88571236,"B02512"
"363","4/1/2014 12:26:00",40.72573102,-73.99192378,"B02512"
"364","4/1/2014 12:26:00",40.69496505,-74.17798338,"B02512"
"365","4/1/2014 12:27:00",40.76442957,-73.97955097,"B02512"
"366","4/1/2014 12:29:00",40.764064,-73.97657584,"B02512"
"367","4/1/2014 12:29:00",40.72298245,-74.00119881,"B02512"
"368","4/1/2014 12:29:00",40.73263928,-73.99352577,"B02512"
"369","4/1/2014 12:30:00",40.75689118,-73.97423456,"B02512"
"370","4/1/2014 12:31:00",40.76215094,-73.97880308,"B02512"
"371","4/1/2014 12:31:00",40.77850363,-73.95332959,"B02512"
"372","4/1/2014 12:32:00",40.74467657,-73.98729682,"B02512"
"373","4/1/2014 12:32:00",40.71910711,-73.99734431,"B02512"
"374","4/1/2014 12:33:00",40.7030552,-73.98526123,"B02512"
"375","4/1/2014 12:42:00",40.9148429,-74.2212764,"B02512"
"376","4/1/2014 12:44:00",40.76494021,-73.97077326,"B02512"
"377","4/1/2014 12:44:00",40.75209879,-73.97559112,"B02512"
"378","4/1/2014 12:47:00",40.7374222,-74.00081375,"B02512"
"379","4/1/2014 12:50:00",40.77494673,-73.96386171,"B02512"
"380","4/1/2014 12:50:00",40.77632028,-73.96212176,"B02512"
"381","4/1/2014 12:51:00",40.7490386,-74.00293118,"B02512"
"382","4/1/2014 12:51:00",40.72761919,-74.03486556,"B02512"
"383","4/1/2014 12:51:00",40.72761919,-74.03486556,"B02512"
"384","4/1/2014 12:51:00",40.76310788,-73.98417789,"B02512"
"385","4/1/2014 12:52:00",40.76005586,-73.96692496,"B02512"
"386","4/1/2014 12:53:00",40.87908449,-73.88113064,"B02512"
"387","4/1/2014 12:54:00",40.77102492,-73.86597038,"B02512"
"388","4/1/2014 12:57:00",40.73637949,-74.00986629,"B02512"
"389","4/1/2014 12:57:00",40.76569753,-73.9548976,"B02512"
"390","4/1/2014 12:57:00",40.75004778,-73.97568933,"B02512"
"391","4/1/2014 12:58:00",40.739739,-73.9856798,"B02512"
"392","4/1/2014 12:58:00",40.77898047,-74.41996783,"B02512"
"393","4/1/2014 12:59:00",40.72733207,-74.00068693,"B02512"
"394","4/1/2014 13:01:00",40.76840767,-73.86242324,"B02512"
"395","4/1/2014 13:01:00",40.73926451,-73.99544227,"B02512"
"396","4/1/2014 13:01:00",40.73818273,-74.00776989,"B02512"
"397","4/1/2014 13:03:00",40.71871044,-74.00241729,"B02512"
"398","4/1/2014 13:07:00",40.76182352,-73.97520484,"B02512"
"399","4/1/2014 13:07:00",40.78512382,-73.95377769,"B02512"
"400","4/1/2014 13:07:00",40.78512382,-73.95377769,"B02512"
"401","4/1/2014 13:08:00",40.7420394,-73.9849704,"B02512"
"402","4/1/2014 13:08:00",40.74575842,-73.98702661,"B02512"
"403","4/1/2014 13:09:00",40.76985904,-73.95891739,"B02512"
"404","4/1/2014 13:09:00",40.75999718,-73.98386722,"B02512"
"405","4/1/2014 13:10:00",40.91546474,-74.07608853,"B02512"
"406","4/1/2014 13:15:00",40.75158319,-73.97387137,"B02512"
"407","4/1/2014 13:16:00",40.77404441,-73.87326918,"B02512"
"408","4/1/2014 13:17:00",40.75652804,-73.9842615,"B02512"
"409","4/1/2014 13:17:00",40.71947688,-74.01226494,"B02512"
"410","4/1/2014 13:18:00",40.75292888,-73.98548463,"B02512"
"411","4/1/2014 13:20:00",40.75010078,-73.9760505,"B02512"
"412","4/1/2014 13:22:00",40.71974366,-73.99170924,"B02512"
"413","4/1/2014 13:22:00",40.76194027,-73.9729414,"B02512"
"414","4/1/2014 13:23:00",40.78296116,-73.95096632,"B02512"
"415","4/1/2014 13:24:00",40.73192359,-73.98773194,"B02512"
"416","4/1/2014 13:26:00",40.7538452,-73.99257006,"B02512"
"417","4/1/2014 13:26:00",40.71890029,-74.00650052,"B02512"
"418","4/1/2014 13:27:00",40.74550114,-73.98803445,"B02512"
"419","4/1/2014 13:30:00",40.75301365,-74.02482798,"B02512"
"420","4/1/2014 13:30:00",40.75301365,-74.02482798,"B02512"
"421","4/1/2014 13:33:00",40.76462855,-73.96863885,"B02512"
"422","4/1/2014 13:34:00",40.76919265,-73.98289051,"B02512"
"423","4/1/2014 13:34:00",40.72746922,-74.00883248,"B02512"
"424","4/1/2014 13:35:00",40.74941302,-73.99233034,"B02512"
"425","4/1/2014 13:35:00",40.69565173,-73.98717923,"B02512"
"426","4/1/2014 13:39:00",40.69498375,-74.17840398,"B02512"
"427","4/1/2014 13:40:00",40.77389777,-73.87284438,"B02512"
"428","4/1/2014 13:40:00",40.77571815,-73.42024541,"B02512"
"429","4/1/2014 13:40:00",40.76510564,-73.95306944,"B02512"
"430","4/1/2014 13:41:00",40.76626022,-73.92506925,"B02512"
"431","4/1/2014 13:42:00",40.71770566,-73.99662154,"B02512"
"432","4/1/2014 13:44:00",40.78004744,-73.96099075,"B02512"
"433","4/1/2014 13:45:00",40.77408108,-73.87271471,"B02512"
"434","4/1/2014 13:47:00",40.73849136,-73.98542902,"B02512"
"435","4/1/2014 13:49:00",40.7684832,-73.86244411,"B02512"
"436","4/1/2014 13:49:00",40.69264104,-73.98727739,"B02512"
"437","4/1/2014 13:51:00",40.73460634,-73.99630319,"B02512"
"438","4/1/2014 13:51:00",40.77597703,-73.94413691,"B02512"
"439","4/1/2014 13:53:00",40.72113562,-74.00050337,"B02512"
"440","4/1/2014 13:55:00",40.70257542,-74.0126423,"B02512"
"441","4/1/2014 13:56:00",40.76798575,-73.95234745,"B02512"
"442","4/1/2014 13:56:00",40.7484898,-74.00607456,"B02512"
"443","4/1/2014 13:56:00",40.75680288,-73.97170549,"B02512"
"444","4/1/2014 13:57:00",40.76174197,-73.98384357,"B02512"
"445","4/1/2014 13:57:00",40.77403976,-73.87275008,"B02512"
"446","4/1/2014 13:59:00",40.69189577,-73.99658692,"B02512"
"447","4/1/2014 14:00:00",40.77535182,-73.99049797,"B02512"
"448","4/1/2014 14:01:00",40.75150552,-73.99304347,"B02512"
"449","4/1/2014 14:02:00",40.77190753,-73.96546366,"B02512"
"450","4/1/2014 14:03:00",40.77387194,-73.8724024,"B02512"
"451","4/1/2014 14:03:00",40.69464658,-74.17748574,"B02512"
"452","4/1/2014 14:04:00",40.73313536,-73.9998272,"B02512"
"453","4/1/2014 14:05:00",40.773154,-73.88557415,"B02512"
"454","4/1/2014 14:06:00",40.74165702,-73.98943725,"B02512"
"455","4/1/2014 14:08:00",40.73245672,-74.00175512,"B02512"
"456","4/1/2014 14:11:00",40.763972,-73.96845142,"B02512"
"457","4/1/2014 14:14:00",40.75769748,-73.97230212,"B02512"
"458","4/1/2014 14:15:00",40.69529719,-74.17828085,"B02512"
"459","4/1/2014 14:15:00",40.75717055,-73.98412798,"B02512"
"460","4/1/2014 14:16:00",40.80563878,-74.39228601,"B02512"
"461","4/1/2014 14:16:00",40.75946569,-73.97358413,"B02512"
"462","4/1/2014 14:17:00",40.78530475,-73.95557427,"B02512"
"463","4/1/2014 14:17:00",40.78530475,-73.95557427,"B02512"
"464","4/1/2014 14:18:00",40.72438155,-74.00068886,"B02512"
"465","4/1/2014 14:20:00",40.71955214,-74.0005958,"B02512"
"466","4/1/2014 14:21:00",40.76906223,-73.98117892,"B02512"
"467","4/1/2014 14:21:00",40.75161205,-73.99094297,"B02512"
"468","4/1/2014 14:21:00",40.76771991,-73.96569636,"B02512"
"469","4/1/2014 14:23:00",40.75461383,-73.96597399,"B02512"
"470","4/1/2014 14:23:00",40.75781688,-73.98930883,"B02512"
"471","4/1/2014 14:23:00",40.76185545,-73.97906858,"B02512"
"472","4/1/2014 14:26:00",40.73974015,-73.98668177,"B02512"
"473","4/1/2014 14:27:00",40.72752516,-74.00104226,"B02512"
"474","4/1/2014 14:27:00",40.7693932,-73.96578056,"B02512"
"475","4/1/2014 14:28:00",40.80048022,-73.9692506,"B02512"
"476","4/1/2014 14:29:00",40.64498096,-73.78189503,"B02512"
"477","4/1/2014 14:32:00",40.96505466,-74.07355526,"B02512"
"478","4/1/2014 14:32:00",40.77045423,-73.96619841,"B02512"
"479","4/1/2014 14:36:00",40.68325893,-73.97675551,"B02512"
"480","4/1/2014 14:37:00",40.77973807,-74.00970678,"B02512"
"481","4/1/2014 14:38:00",40.75982489,-73.99146063,"B02512"
"482","4/1/2014 14:39:00",40.64476563,-73.78255075,"B02512"
"483","4/1/2014 14:40:00",40.74073293,-73.98688596,"B02512"
"484","4/1/2014 14:40:00",40.77540513,-73.96277902,"B02512"
"485","4/1/2014 14:41:00",40.71036906,-73.98472209,"B02512"
"486","4/1/2014 14:42:00",40.71975089,-74.00510302,"B02512"
"487","4/1/2014 14:43:00",40.7102766,-73.98456298,"B02512"
"488","4/1/2014 14:43:00",40.69306173,-74.18340194,"B02512"
"489","4/1/2014 14:45:00",40.73942041,-74.00616475,"B02512"
"490","4/1/2014 14:45:00",40.76469416,-73.97061139,"B02512"
"491","4/1/2014 14:51:00",40.76423967,-73.96324911,"B02512"
"492","4/1/2014 14:53:00",40.69507754,-74.17866063,"B02512"
"493","4/1/2014 14:55:00",40.75845676,-73.96965737,"B02512"
"494","4/1/2014 14:55:00",40.75041792,-73.99448072,"B02512"
"495","4/1/2014 14:57:00",40.76823341,-73.95303757,"B02512"
"496","4/1/2014 14:57:00",40.72467098,-74.002212,"B02512"
"497","4/1/2014 14:57:00",40.71450606,-74.00249146,"B02512"
"498","4/1/2014 15:00:00",40.75928078,-73.97452584,"B02512"
"499","4/1/2014 15:02:00",40.72844065,-74.00713523,"B02512"
"500","4/1/2014 15:03:00",40.70785039,-74.00926128,"B02512"
"501","4/1/2014 15:04:00",40.76917344,-73.96310063,"B02512"
"502","4/1/2014 15:07:00",40.76441904,-73.95298448,"B02512"
"503","4/1/2014 15:08:00",40.75527939,-73.97952505,"B02512"
"504","4/1/2014 15:08:00",40.75513832,-73.96219111,"B02512"
"505","4/1/2014 15:08:00",40.77406639,-73.87265301,"B02512"
"506","4/1/2014 15:09:00",40.75448428,-73.97568463,"B02512"
"507","4/1/2014 15:09:00",40.73552798,-73.97550928,"B02512"
"508","4/1/2014 15:10:00",40.77103141,-73.86598622,"B02512"
"509","4/1/2014 15:11:00",40.77548241,-73.95578868,"B02512"
"510","4/1/2014 15:11:00",40.72825387,-73.98685973,"B02512"
"511","4/1/2014 15:14:00",40.75768361,-73.99022196,"B02512"
"512","4/1/2014 15:14:00",40.76403643,-73.98249568,"B02512"
"513","4/1/2014 15:14:00",40.76442811,-73.98061562,"B02512"
"514","4/1/2014 15:18:00",40.8091534,-73.95363662,"B02512"
"515","4/1/2014 15:19:00",40.77084787,-73.86580541,"B02512"
"516","4/1/2014 15:19:00",40.75564903,-73.97160768,"B02512"
"517","4/1/2014 15:19:00",40.75778951,-73.97393483,"B02512"
"518","4/1/2014 15:20:00",40.75572476,-73.97404388,"B02512"
"519","4/1/2014 15:21:00",40.71008437,-73.9849199,"B02512"
"520","4/1/2014 15:24:00",40.77981003,-73.96004358,"B02512"
"521","4/1/2014 15:24:00",40.77981003,-73.96004358,"B02512"
"522","4/1/2014 15:24:00",40.82466851,-73.97351976,"B02512"
"523","4/1/2014 15:24:00",40.74158968,-74.00673715,"B02512"
"524","4/1/2014 15:24:00",40.76243803,-73.9743534,"B02512"
"525","4/1/2014 15:25:00",40.76441759,-73.9727482,"B02512"
"526","4/1/2014 15:25:00",40.7640855,-73.97703429,"B02512"
"527","4/1/2014 15:26:00",40.74503741,-73.98500221,"B02512"
"528","4/1/2014 15:27:00",40.76172117,-73.97295834,"B02512"
"529","4/1/2014 15:31:00",40.76363715,-73.97348629,"B02512"
"530","4/1/2014 15:32:00",40.74134581,-74.00618617,"B02512"
"531","4/1/2014 15:35:00",40.7865526,-73.95466676,"B02512"
"532","4/1/2014 15:35:00",40.7823508,-73.94659205,"B02512"
"533","4/1/2014 15:35:00",40.76160031,-73.96864025,"B02512"
"534","4/1/2014 15:37:00",40.75656198,-73.97883254,"B02512"
"535","4/1/2014 15:39:00",40.63394621,-74.01308638,"B02512"
"536","4/1/2014 15:39:00",40.72743387,-74.00726362,"B02512"
"537","4/1/2014 15:40:00",40.77393633,-73.871501,"B02512"
"538","4/1/2014 15:41:00",40.76705143,-73.98750965,"B02512"
"539","4/1/2014 15:41:00",40.69512498,-74.17833106,"B02512"
"540","4/1/2014 15:44:00",40.77305334,-73.98926382,"B02512"
"541","4/1/2014 15:45:00",40.71220537,-73.99800614,"B02512"
"542","4/1/2014 15:45:00",40.69557186,-74.17789344,"B02512"
"543","4/1/2014 15:46:00",40.64332054,-73.78947747,"B02512"
"544","4/1/2014 15:48:00",40.7556339,-73.97534986,"B02512"
"545","4/1/2014 15:48:00",40.75925434,-73.97079312,"B02512"
"546","4/1/2014 15:49:00",40.76191265,-73.97262574,"B02512"
"547","4/1/2014 15:51:00",40.77289655,-73.95986849,"B02512"
"548","4/1/2014 15:52:00",40.76161835,-73.97542447,"B02512"
"549","4/1/2014 15:53:00",40.72073379,-74.00314207,"B02512"
"550","4/1/2014 15:54:00",40.64488597,-73.78231679,"B02512"
"551","4/1/2014 15:55:00",40.74126854,-73.99471321,"B02512"
"552","4/1/2014 15:55:00",40.76575689,-73.98020625,"B02512"
"553","4/1/2014 15:56:00",40.76230479,-73.97878003,"B02512"
"554","4/1/2014 15:56:00",40.74399807,-73.99539637,"B02512"
"555","4/1/2014 15:56:00",40.77994909,-73.96075579,"B02512"
"556","4/1/2014 15:58:00",40.75912802,-73.97239742,"B02512"
"557","4/1/2014 15:59:00",40.75728077,-73.97116746,"B02512"
"558","4/1/2014 15:59:00",40.75728077,-73.97116746,"B02512"
"559","4/1/2014 16:01:00",40.75756471,-73.96959862,"B02512"
"560","4/1/2014 16:03:00",40.70518557,-74.0099947,"B02512"
"561","4/1/2014 16:04:00",40.73713512,-74.17939455,"B02512"
"562","4/1/2014 16:04:00",40.73754674,-74.00529451,"B02512"
"563","4/1/2014 16:04:00",40.75413614,-73.99599918,"B02512"
"564","4/1/2014 16:06:00",40.74352402,-73.98335525,"B02512"
"565","4/1/2014 16:06:00",40.75802484,-73.97505071,"B02512"
"566","4/1/2014 16:06:00",40.76083122,-73.98388113,"B02512"
"567","4/1/2014 16:07:00",40.71087768,-74.01122281,"B02512"
"568","4/1/2014 16:08:00",40.77415782,-73.87236041,"B02512"
"569","4/1/2014 16:10:00",40.77459963,-73.96334102,"B02512"
"570","4/1/2014 16:10:00",40.76854765,-73.9647115,"B02512"
"571","4/1/2014 16:11:00",40.73955473,-73.990877,"B02512"
"572","4/1/2014 16:11:00",40.74286155,-73.98682066,"B02512"
"573","4/1/2014 16:12:00",40.78394864,-73.9565542,"B02512"
"574","4/1/2014 16:14:00",40.75408304,-73.97435929,"B02512"
"575","4/1/2014 16:14:00",40.77010566,-73.9878627,"B02512"
"576","4/1/2014 16:15:00",40.89415055,-73.89909214,"B02512"
"577","4/1/2014 16:18:00",40.75381699,-73.9809338,"B02512"
"578","4/1/2014 16:19:00",40.74130533,-73.98522994,"B02512"
"579","4/1/2014 16:21:00",40.75514129,-73.98776681,"B02512"
"580","4/1/2014 16:21:00",40.74742148,-74.00800106,"B02512"
"581","4/1/2014 16:21:00",40.75437841,-73.98032062,"B02512"
"582","4/1/2014 16:21:00",40.73556062,-73.99695246,"B02512"
"583","4/1/2014 16:21:00",40.76979303,-73.99155912,"B02512"
"584","4/1/2014 16:21:00",40.77636796,-73.96413764,"B02512"
"585","4/1/2014 16:21:00",40.7628845,-73.98393419,"B02512"
"586","4/1/2014 16:22:00",40.73857916,-74.00548205,"B02512"
"587","4/1/2014 16:23:00",40.75042358,-73.97877906,"B02512"
"588","4/1/2014 16:24:00",40.76509858,-73.97243145,"B02512"
"589","4/1/2014 16:25:00",40.75464676,-73.99097708,"B02512"
"590","4/1/2014 16:26:00",40.73208385,-74.00769202,"B02512"
"591","4/1/2014 16:26:00",40.76395491,-73.97331834,"B02512"
"592","4/1/2014 16:27:00",40.71670053,-74.01485403,"B02512"
"593","4/1/2014 16:28:00",40.76792531,-73.96617893,"B02512"
"594","4/1/2014 16:29:00",40.70513364,-74.00734023,"B02512"
"595","4/1/2014 16:29:00",40.76005447,-73.97715515,"B02512"
"596","4/1/2014 16:29:00",40.76005447,-73.97715515,"B02512"
"597","4/1/2014 16:29:00",40.69157696,-73.98436172,"B02512"
"598","4/1/2014 16:30:00",40.76318763,-73.98302894,"B02512"
"599","4/1/2014 16:30:00",40.76367738,-73.97414295,"B02512"
"600","4/1/2014 16:32:00",40.73197082,-73.99680158,"B02512"
"601","4/1/2014 16:32:00",40.84478747,-74.06624934,"B02512"
"602","4/1/2014 16:32:00",40.72446407,-73.99869799,"B02512"
"603","4/1/2014 16:32:00",40.74905213,-74.00835059,"B02512"
"604","4/1/2014 16:33:00",40.71059257,-73.98575314,"B02512"
"605","4/1/2014 16:33:00",40.76002145,-73.96510391,"B02512"
"606","4/1/2014 16:33:00",40.72567069,-74.00030396,"B02512"
"607","4/1/2014 16:37:00",40.74644744,-73.97157662,"B02512"
"608","4/1/2014 16:38:00",40.74031635,-73.99547439,"B02512"
"609","4/1/2014 16:38:00",40.75549572,-73.97394824,"B02512"
"610","4/1/2014 16:39:00",40.76357085,-73.97159611,"B02512"
"611","4/1/2014 16:40:00",40.75515102,-73.98814685,"B02512"
"612","4/1/2014 16:41:00",40.72075114,-73.95797736,"B02512"
"613","4/1/2014 16:41:00",40.77407358,-73.87246309,"B02512"
"614","4/1/2014 16:43:00",40.75633462,-73.97442956,"B02512"
"615","4/1/2014 16:45:00",40.75440478,-73.98783051,"B02512"
"616","4/1/2014 16:47:00",40.78421741,-73.98344314,"B02512"
"617","4/1/2014 16:47:00",40.73815197,-74.0032626,"B02512"
"618","4/1/2014 16:47:00",40.75779819,-73.97509891,"B02512"
"619","4/1/2014 16:47:00",40.73869093,-73.98971954,"B02512"
"620","4/1/2014 16:47:00",40.76847439,-73.86236466,"B02512"
"621","4/1/2014 16:48:00",40.781346,-73.97591391,"B02512"
"622","4/1/2014 16:49:00",40.75582874,-73.982032,"B02512"
"623","4/1/2014 16:50:00",40.75607655,-73.98235101,"B02512"
"624","4/1/2014 16:52:00",40.75275895,-73.98755718,"B02512"
"625","4/1/2014 16:52:00",40.76341821,-73.97402124,"B02512"
"626","4/1/2014 16:54:00",40.75997346,-73.97225794,"B02512"
"627","4/1/2014 16:54:00",40.75124325,-73.97494082,"B02512"
"628","4/1/2014 16:55:00",40.69144491,-74.1770752,"B02512"
"629","4/1/2014 16:56:00",40.7706418,-73.86550829,"B02512"
"630","4/1/2014 16:56:00",40.74152573,-74.00717352,"B02512"
"631","4/1/2014 16:57:00",40.75114175,-73.97822262,"B02512"
"632","4/1/2014 16:58:00",40.75192056,-73.98113919,"B02512"
"633","4/1/2014 16:59:00",40.64600164,-73.77680493,"B02512"
"634","4/1/2014 16:59:00",40.72134927,-73.99911197,"B02512"
"635","4/1/2014 17:00:00",40.75914923,-73.96698078,"B02512"
"636","4/1/2014 17:00:00",40.77011028,-73.96247693,"B02512"
"637","4/1/2014 17:02:00",40.77894091,-73.95594986,"B02512"
"638","4/1/2014 17:02:00",40.77894091,-73.95594986,"B02512"
"639","4/1/2014 17:02:00",40.733025,-73.98243548,"B02512"
"640","4/1/2014 17:03:00",40.75815505,-73.97629936,"B02512"
"641","4/1/2014 17:04:00",40.74367824,-73.98872165,"B02512"
"642","4/1/2014 17:04:00",40.74367824,-73.98872165,"B02512"
"643","4/1/2014 17:04:00",40.7512408,-73.98910466,"B02512"
"644","4/1/2014 17:04:00",40.75543667,-73.98392488,"B02512"
"645","4/1/2014 17:06:00",40.76466573,-73.96991503,"B02512"
"646","4/1/2014 17:07:00",40.79146218,-73.95231203,"B02512"
"647","4/1/2014 17:07:00",40.77562348,-73.94817397,"B02512"
"648","4/1/2014 17:07:00",40.77014897,-73.98031161,"B02512"
"649","4/1/2014 17:08:00",40.75562061,-73.98511754,"B02512"
"650","4/1/2014 17:08:00",40.75272967,-73.98563077,"B02512"
"651","4/1/2014 17:08:00",40.74127306,-73.99083316,"B02512"
"652","4/1/2014 17:09:00",40.73235442,-74.00865091,"B02512"
"653","4/1/2014 17:09:00",40.74316357,-73.98627962,"B02512"
"654","4/1/2014 17:10:00",40.76968763,-73.98101267,"B02512"
"655","4/1/2014 17:10:00",40.72274113,-74.00870246,"B02512"
"656","4/1/2014 17:11:00",40.72042379,-74.00482606,"B02512"
"657","4/1/2014 17:12:00",40.76153241,-73.98236131,"B02512"
"658","4/1/2014 17:12:00",40.68982844,-73.97819798,"B02512"
"659","4/1/2014 17:13:00",40.72961743,-73.99828618,"B02512"
"660","4/1/2014 17:14:00",40.72560108,-74.00537535,"B02512"
"661","4/1/2014 17:15:00",40.71986333,-74.00433582,"B02512"
"662","4/1/2014 17:16:00",40.75394746,-73.98059936,"B02512"
"663","4/1/2014 17:16:00",40.76492947,-73.96199212,"B02512"
"664","4/1/2014 17:17:00",40.75392889,-73.97643808,"B02512"
"665","4/1/2014 17:17:00",40.75538998,-73.97262239,"B02512"
"666","4/1/2014 17:18:00",40.77601131,-73.95732602,"B02512"
"667","4/1/2014 17:19:00",40.76313352,-73.97418763,"B02512"
"668","4/1/2014 17:19:00",40.76845461,-73.86250765,"B02512"
"669","4/1/2014 17:19:00",40.79384247,-73.97297686,"B02512"
"670","4/1/2014 17:19:00",40.78573989,-73.95526556,"B02512"
"671","4/1/2014 17:19:00",40.78573989,-73.95526556,"B02512"
"672","4/1/2014 17:20:00",40.72004681,-73.99911256,"B02512"
"673","4/1/2014 17:21:00",40.7782135,-73.96283539,"B02512"
"674","4/1/2014 17:21:00",40.75100554,-73.97674763,"B02512"
"675","4/1/2014 17:22:00",40.72115703,-74.00183944,"B02512"
"676","4/1/2014 17:25:00",40.72874676,-73.98982105,"B02512"
"677","4/1/2014 17:25:00",40.77360449,-73.98120143,"B02512"
"678","4/1/2014 17:26:00",40.73278529,-73.98599337,"B02512"
"679","4/1/2014 17:27:00",40.75655771,-73.9738759,"B02512"
"680","4/1/2014 17:27:00",40.75392845,-73.98195014,"B02512"
"681","4/1/2014 17:31:00",40.71995756,-74.00375523,"B02512"
"682","4/1/2014 17:32:00",40.73947449,-73.99412994,"B02512"
"683","4/1/2014 17:32:00",40.74571203,-74.00906146,"B02512"
"684","4/1/2014 17:32:00",40.70207523,-74.01272092,"B02512"
"685","4/1/2014 17:33:00",40.75344216,-73.9903916,"B02512"
"686","4/1/2014 17:34:00",40.72419543,-74.00103469,"B02512"
"687","4/1/2014 17:35:00",40.75497573,-73.99882212,"B02512"
"688","4/1/2014 17:36:00",40.68436266,-74.27623722,"B02512"
"689","4/1/2014 17:37:00",40.75739783,-73.9761531,"B02512"
"690","4/1/2014 17:39:00",40.75290781,-73.88383381,"B02512"
"691","4/1/2014 17:40:00",40.76173584,-73.97502028,"B02512"
"692","4/1/2014 17:41:00",40.75300457,-73.97913928,"B02512"
"693","4/1/2014 17:41:00",40.74590641,-73.98835388,"B02512"
"694","4/1/2014 17:42:00",40.7177671,-73.9520542,"B02512"
"695","4/1/2014 17:42:00",40.78162635,-73.98034304,"B02512"
"696","4/1/2014 17:45:00",40.75558574,-73.97452986,"B02512"
"697","4/1/2014 17:46:00",40.72137136,-73.99743366,"B02512"
"698","4/1/2014 17:46:00",40.78745902,-73.9684156,"B02512"
"699","4/1/2014 17:46:00",40.7684544,-73.96892396,"B02512"
"700","4/1/2014 17:46:00",40.75304687,-73.97013003,"B02512"
"701","4/1/2014 17:48:00",40.74784619,-74.00444613,"B02512"
"702","4/1/2014 17:48:00",40.77454138,-73.95801256,"B02512"
"703","4/1/2014 17:50:00",40.75618635,-73.96975494,"B02512"
"704","4/1/2014 17:50:00",40.71287169,-74.03560451,"B02512"
"705","4/1/2014 17:50:00",40.71287169,-74.03560451,"B02512"
"706","4/1/2014 17:52:00",40.71690087,-74.01230282,"B02512"
"707","4/1/2014 17:52:00",40.76342804,-73.96718337,"B02512"
"708","4/1/2014 17:52:00",40.75552577,-73.97394472,"B02512"
"709","4/1/2014 17:53:00",40.7580755,-73.98160812,"B02512"
"710","4/1/2014 17:54:00",40.78488146,-73.94871829,"B02512"
"711","4/1/2014 17:54:00",40.73320443,-73.99559601,"B02512"
"712","4/1/2014 17:54:00",40.73755007,-73.99263946,"B02512"
"713","4/1/2014 17:56:00",40.75600245,-73.97172209,"B02512"
"714","4/1/2014 17:58:00",40.77100532,-73.96147844,"B02512"
"715","4/1/2014 17:58:00",40.72205377,-73.99939125,"B02512"
"716","4/1/2014 17:59:00",40.73048991,-74.00687445,"B02512"
"717","4/1/2014 17:59:00",40.75645914,-73.98435521,"B02512"
"718","4/1/2014 18:00:00",40.7567647,-73.97176542,"B02512"
"719","4/1/2014 18:01:00",40.73812536,-74.0084904,"B02512"
"720","4/1/2014 18:02:00",40.79855876,-73.97281232,"B02512"
"721","4/1/2014 18:02:00",40.75697443,-73.9720002,"B02512"
"722","4/1/2014 18:03:00",40.7535173,-73.97861872,"B02512"
"723","4/1/2014 18:03:00",40.77316037,-73.88565369,"B02512"
"724","4/1/2014 18:03:00",40.74204243,-73.98508192,"B02512"
"725","4/1/2014 18:05:00",40.78601176,-73.98103205,"B02512"
"726","4/1/2014 18:05:00",40.70585712,-74.01668731,"B02512"
"727","4/1/2014 18:05:00",40.74007289,-73.99009732,"B02512"
"728","4/1/2014 18:07:00",40.74029015,-73.98839411,"B02512"
"729","4/1/2014 18:08:00",40.72431165,-73.9932868,"B02512"
"730","4/1/2014 18:10:00",40.73300624,-73.99117867,"B02512"
"731","4/1/2014 18:13:00",40.7534702,-73.97392894,"B02512"
"732","4/1/2014 18:13:00",40.7534702,-73.97392894,"B02512"
"733","4/1/2014 18:14:00",40.7614532,-73.97645451,"B02512"
"734","4/1/2014 18:14:00",40.7287709,-74.03467488,"B02512"
"735","4/1/2014 18:16:00",40.72189548,-74.00408051,"B02512"
"736","4/1/2014 18:17:00",40.71014057,-73.96882254,"B02512"
"737","4/1/2014 18:17:00",40.74731423,-74.00066382,"B02512"
"738","4/1/2014 18:18:00",40.60859116,-73.93256547,"B02512"
"739","4/1/2014 18:19:00",40.71031835,-73.98453902,"B02512"
"740","4/1/2014 18:20:00",40.72648354,-73.98321289,"B02512"
"741","4/1/2014 18:20:00",40.78288753,-73.43715347,"B02512"
"742","4/1/2014 18:20:00",40.75484499,-73.97337584,"B02512"
"743","4/1/2014 18:21:00",40.75483896,-73.98305191,"B02512"
"744","4/1/2014 18:21:00",40.76358133,-73.98144124,"B02512"
"745","4/1/2014 18:21:00",40.76432975,-73.96884316,"B02512"
"746","4/1/2014 18:25:00",40.72773905,-74.03459575,"B02512"
"747","4/1/2014 18:25:00",40.72773905,-74.03459575,"B02512"
"748","4/1/2014 18:26:00",40.76270458,-73.97792822,"B02512"
"749","4/1/2014 18:27:00",40.7550602,-73.97527711,"B02512"
"750","4/1/2014 18:31:00",40.64491804,-73.7821981,"B02512"
"751","4/1/2014 18:31:00",40.73266891,-73.99599566,"B02512"
"752","4/1/2014 18:31:00",40.67566899,-73.98443073,"B02512"
"753","4/1/2014 18:31:00",40.74141211,-73.98483298,"B02512"
"754","4/1/2014 18:31:00",40.76027156,-73.97819275,"B02512"
"755","4/1/2014 18:32:00",40.72431643,-73.99981999,"B02512"
"756","4/1/2014 18:33:00",40.76657742,-73.96922375,"B02512"
"757","4/1/2014 18:33:00",40.70931286,-73.96180881,"B02512"
"758","4/1/2014 18:34:00",40.72783983,-74.00167109,"B02512"
"759","4/1/2014 18:35:00",40.75445595,-73.97679591,"B02512"
"760","4/1/2014 18:36:00",40.75775779,-73.96910626,"B02512"
"761","4/1/2014 18:36:00",40.74567783,-74.00491476,"B02512"
"762","4/1/2014 18:37:00",40.74139116,-73.99132367,"B02512"
"763","4/1/2014 18:38:00",40.76779281,-73.98318543,"B02512"
"764","4/1/2014 18:42:00",40.75803485,-73.97570492,"B02512"
"765","4/1/2014 18:43:00",40.72836679,-74.00709478,"B02512"
"766","4/1/2014 18:43:00",40.74286763,-73.98859209,"B02512"
"767","4/1/2014 18:44:00",40.75912018,-73.97650422,"B02512"
"768","4/1/2014 18:44:00",40.76296743,-73.97178194,"B02512"
"769","4/1/2014 18:45:00",40.77821889,-73.96201911,"B02512"
"770","4/1/2014 18:45:00",40.77821889,-73.96201911,"B02512"
"771","4/1/2014 18:47:00",40.74452279,-74.0079438,"B02512"
"772","4/1/2014 18:47:00",40.74452279,-74.0079438,"B02512"
"773","4/1/2014 18:47:00",40.76417633,-73.97306034,"B02512"
"774","4/1/2014 18:48:00",40.72111747,-73.95694982,"B02512"
"775","4/1/2014 18:49:00",40.70765387,-74.00535355,"B02512"
"776","4/1/2014 18:50:00",40.73411373,-74.00388801,"B02512"
"777","4/1/2014 18:51:00",40.61640914,-73.95234557,"B02512"
"778","4/1/2014 18:51:00",40.75653525,-73.9746027,"B02512"
"779","4/1/2014 18:54:00",40.75920865,-74.02346391,"B02512"
"780","4/1/2014 18:56:00",40.72553113,-73.99500039,"B02512"
"781","4/1/2014 18:56:00",40.76398806,-73.97127123,"B02512"
"782","4/1/2014 18:57:00",40.75842511,-73.97242064,"B02512"
"783","4/1/2014 18:57:00",40.74096687,-73.98997134,"B02512"
"784","4/1/2014 18:58:00",40.72147647,-73.99888356,"B02512"
"785","4/1/2014 19:00:00",40.75577379,-73.97510729,"B02512"
"786","4/1/2014 19:01:00",40.78987925,-73.96967229,"B02512"
"787","4/1/2014 19:02:00",40.72189312,-74.0073893,"B02512"
"788","4/1/2014 19:02:00",40.74299311,-74.00755364,"B02512"
"789","4/1/2014 19:04:00",40.76884134,-73.862499,"B02512"
"790","4/1/2014 19:05:00",40.72221395,-74.00200238,"B02512"
"791","4/1/2014 19:05:00",40.72221395,-74.00200238,"B02512"
"792","4/1/2014 19:05:00",40.75775946,-73.97216968,"B02512"
"793","4/1/2014 19:05:00",40.704469,-74.01025537,"B02512"
"794","4/1/2014 19:06:00",40.76240874,-73.98347058,"B02512"
"795","4/1/2014 19:06:00",40.75249626,-73.97542069,"B02512"
"796","4/1/2014 19:06:00",40.70647118,-74.0094292,"B02512"
"797","4/1/2014 19:09:00",40.73541937,-74.16888819,"B02512"
"798","4/1/2014 19:09:00",40.77333111,-73.95483985,"B02512"
"799","4/1/2014 19:11:00",40.72873696,-73.9983928,"B02512"
"800","4/1/2014 19:11:00",40.71231434,-73.99511129,"B02512"
"801","4/1/2014 19:11:00",40.76084979,-73.97903421,"B02512"
"802","4/1/2014 19:13:00",40.78431107,-73.95391909,"B02512"
"803","4/1/2014 19:13:00",40.78431107,-73.95391909,"B02512"
"804","4/1/2014 19:13:00",40.68362835,-73.99753793,"B02512"
"805","4/1/2014 19:13:00",40.69709544,-73.99488682,"B02512"
"806","4/1/2014 19:14:00",40.68809629,-74.1829836,"B02512"
"807","4/1/2014 19:15:00",40.74173897,-73.99183782,"B02512"
"808","4/1/2014 19:15:00",40.76054209,-73.97537576,"B02512"
"809","4/1/2014 19:15:00",40.76405729,-73.98127184,"B02512"
"810","4/1/2014 19:16:00",40.72696015,-73.99982587,"B02512"
"811","4/1/2014 19:17:00",40.74532964,-73.99075515,"B02512"
"812","4/1/2014 19:18:00",40.7140439,-73.9552151,"B02512"
"813","4/1/2014 19:21:00",40.73679486,-73.98884154,"B02512"
"814","4/1/2014 19:22:00",40.73209896,-73.98648121,"B02512"
"815","4/1/2014 19:22:00",40.76400759,-73.9790244,"B02512"
"816","4/1/2014 19:23:00",40.73083424,-74.00676358,"B02512"
"817","4/1/2014 19:23:00",40.75412553,-73.97637312,"B02512"
"818","4/1/2014 19:24:00",40.7407776,-73.99197696,"B02512"
"819","4/1/2014 19:27:00",40.75812567,-73.97512279,"B02512"
"820","4/1/2014 19:28:00",40.72338796,-74.00356201,"B02512"
"821","4/1/2014 19:28:00",40.77272887,-73.95577636,"B02512"
"822","4/1/2014 19:29:00",40.76249854,-73.97687011,"B02512"
"823","4/1/2014 19:31:00",40.73797591,-74.03077017,"B02512"
"824","4/1/2014 19:32:00",40.75165811,-73.98618473,"B02512"
"825","4/1/2014 19:33:00",40.72736895,-74.00572487,"B02512"
"826","4/1/2014 19:34:00",40.73235983,-73.99693745,"B02512"
"827","4/1/2014 19:34:00",40.73036782,-74.0461129,"B02512"
"828","4/1/2014 19:35:00",40.71035041,-73.98470633,"B02512"
"829","4/1/2014 19:37:00",40.7441171,-73.98403728,"B02512"
"830","4/1/2014 19:38:00",40.82617738,-73.94390356,"B02512"
"831","4/1/2014 19:41:00",40.72183697,-74.00419476,"B02512"
"832","4/1/2014 19:41:00",40.75944142,-73.98280892,"B02512"
"833","4/1/2014 19:43:00",40.73273605,-74.00766084,"B02512"
"834","4/1/2014 19:43:00",40.76155408,-73.98250105,"B02512"
"835","4/1/2014 19:45:00",40.75898618,-73.96244438,"B02512"
"836","4/1/2014 19:46:00",40.68787702,-74.181011,"B02512"
"837","4/1/2014 19:47:00",40.71222314,-73.82323165,"B02512"
"838","4/1/2014 19:47:00",40.76403118,-73.9765784,"B02512"
"839","4/1/2014 19:50:00",40.71673281,-74.00241192,"B02512"
"840","4/1/2014 19:50:00",40.69525607,-74.17981843,"B02512"
"841","4/1/2014 19:50:00",40.7370746,-74.00207262,"B02512"
"842","4/1/2014 19:50:00",40.74369887,-73.97920783,"B02512"
"843","4/1/2014 19:51:00",40.7509888,-73.97286233,"B02512"
"844","4/1/2014 19:52:00",40.7999067,-73.65071929,"B02512"
"845","4/1/2014 19:52:00",40.72606791,-73.99620521,"B02512"
"846","4/1/2014 19:53:00",40.70203375,-73.98672111,"B02512"
"847","4/1/2014 19:53:00",40.64363024,-73.7899105,"B02512"
"848","4/1/2014 19:54:00",40.7294754,-73.98700112,"B02512"
"849","4/1/2014 19:54:00",40.71016164,-74.01502296,"B02512"
"850","4/1/2014 19:55:00",40.75916997,-73.97767106,"B02512"
"851","4/1/2014 19:56:00",40.7995386,-73.96375299,"B02512"
"852","4/1/2014 19:56:00",40.73327161,-74.00556411,"B02512"
"853","4/1/2014 19:57:00",40.81319251,-74.21432161,"B02512"
"854","4/1/2014 19:57:00",40.73839153,-73.99171234,"B02512"
"855","4/1/2014 19:58:00",40.72363403,-74.00270114,"B02512"
"856","4/1/2014 19:59:00",40.76398278,-73.97663167,"B02512"
"857","4/1/2014 20:00:00",40.75326581,-73.96637893,"B02512"
"858","4/1/2014 20:01:00",40.76362495,-73.97940251,"B02512"
"859","4/1/2014 20:01:00",40.73221918,-74.00762279,"B02512"
"860","4/1/2014 20:04:00",40.7145855,-74.01009126,"B02512"
"861","4/1/2014 20:05:00",40.72712696,-74.03470723,"B02512"
"862","4/1/2014 20:05:00",40.74746146,-74.00897177,"B02512"
"863","4/1/2014 20:06:00",40.76852983,-73.86256834,"B02512"
"864","4/1/2014 20:06:00",40.76852983,-73.86256834,"B02512"
"865","4/1/2014 20:08:00",40.72175119,-73.98290413,"B02512"
"866","4/1/2014 20:09:00",40.64491761,-73.78219972,"B02512"
"867","4/1/2014 20:09:00",40.72739363,-73.99370782,"B02512"
"868","4/1/2014 20:10:00",40.72996046,-73.98563052,"B02512"
"869","4/1/2014 20:11:00",40.71954348,-74.0322971,"B02512"
"870","4/1/2014 20:11:00",40.71954348,-74.0322971,"B02512"
"871","4/1/2014 20:12:00",40.71027439,-73.98471354,"B02512"
"872","4/1/2014 20:14:00",40.75159755,-73.97695516,"B02512"
"873","4/1/2014 20:15:00",40.76081194,-73.97895676,"B02512"
"874","4/1/2014 20:16:00",40.76363212,-73.97541273,"B02512"
"875","4/1/2014 20:17:00",40.75879576,-73.97757282,"B02512"
"876","4/1/2014 20:17:00",40.7419522,-74.00550946,"B02512"
"877","4/1/2014 20:18:00",40.74974565,-73.99311296,"B02512"
"878","4/1/2014 20:20:00",40.73992439,-73.99337649,"B02512"
"879","4/1/2014 20:45:00",40.73697851,-73.99795124,"B02512"
"880","4/1/2014 20:45:00",40.73452688,-74.0099657,"B02512"
"881","4/1/2014 20:45:00",40.77371758,-73.95595408,"B02512"
"882","4/1/2014 20:46:00",40.7233079,-74.00828921,"B02512"
"883","4/1/2014 20:46:00",40.71860638,-74.03393903,"B02512"
"884","4/1/2014 20:46:00",40.71860638,-74.03393903,"B02512"
"885","4/1/2014 20:47:00",40.73079212,-74.00101818,"B02512"
"886","4/1/2014 20:47:00",40.75458574,-73.98926189,"B02512"
"887","4/1/2014 20:47:00",40.75915847,-74.02275265,"B02512"
"888","4/1/2014 20:48:00",40.75546819,-73.97309642,"B02512"
"889","4/1/2014 20:48:00",40.76493043,-73.98065737,"B02512"
"890","4/1/2014 20:48:00",40.76172624,-73.98452536,"B02512"
"891","4/1/2014 20:49:00",40.71378637,-74.06350544,"B02512"
"892","4/1/2014 20:49:00",40.72183534,-73.9933904,"B02512"
"893","4/1/2014 20:50:00",40.72028414,-73.9793803,"B02512"
"894","4/1/2014 20:50:00",40.73243779,-73.99312045,"B02512"
"895","4/1/2014 20:50:00",40.70349997,-73.9906729,"B02512"
"896","4/1/2014 20:51:00",40.7635825,-73.96939971,"B02512"
"897","4/1/2014 20:51:00",40.74978358,-73.98986085,"B02512"
"898","4/1/2014 20:52:00",40.76344864,-73.97921953,"B02512"
"899","4/1/2014 20:52:00",40.76547702,-73.97575689,"B02512"
"900","4/1/2014 20:55:00",40.67281755,-73.98336883,"B02512"
"901","4/1/2014 20:58:00",40.76257814,-73.97866574,"B02512"
"902","4/1/2014 20:58:00",40.74061017,-74.00677697,"B02512"
"903","4/1/2014 20:58:00",40.76046078,-73.97058022,"B02512"
"904","4/1/2014 20:58:00",40.76046078,-73.97058022,"B02512"
"905","4/1/2014 20:59:00",40.76153276,-73.97846572,"B02512"
"906","4/1/2014 20:59:00",40.75732763,-73.97420791,"B02512"
"907","4/1/2014 21:01:00",40.6609321,-73.88467879,"B02512"
"908","4/1/2014 21:02:00",40.75869681,-73.97952026,"B02512"
"909","4/1/2014 21:03:00",40.73207413,-73.99588896,"B02512"
"910","4/1/2014 21:03:00",40.75506397,-73.98720816,"B02512"
"911","4/1/2014 21:04:00",40.74619332,-74.00808471,"B02512"
"912","4/1/2014 21:09:00",40.72514375,-73.99212915,"B02512"
"913","4/1/2014 21:09:00",40.72573661,-73.99464768,"B02512"
"914","4/1/2014 21:10:00",40.74942437,-73.99216597,"B02512"
"915","4/1/2014 21:11:00",40.7537157,-73.97439648,"B02512"
"916","4/1/2014 21:14:00",40.76927813,-73.98295476,"B02512"
"917","4/1/2014 21:14:00",40.75749591,-73.97796101,"B02512"
"918","4/1/2014 21:15:00",40.76442945,-73.97744727,"B02512"
"919","4/1/2014 21:17:00",40.74611604,-74.00957261,"B02512"
"920","4/1/2014 21:17:00",40.70172523,-73.98669519,"B02512"
"921","4/1/2014 21:19:00",40.72724712,-73.99381612,"B02512"
"922","4/1/2014 21:20:00",40.72943764,-73.98767562,"B02512"
"923","4/1/2014 21:20:00",40.73663862,-73.99270484,"B02512"
"924","4/1/2014 21:23:00",40.74190493,-74.00382645,"B02512"
"925","4/1/2014 21:23:00",40.76136232,-73.97937945,"B02512"
"926","4/1/2014 21:23:00",40.70935825,-74.08080272,"B02512"
"927","4/1/2014 21:24:00",40.76360215,-73.97254913,"B02512"
"928","4/1/2014 21:24:00",40.74051709,-74.00817264,"B02512"
"929","4/1/2014 21:26:00",40.73150986,-74.00040161,"B02512"
"930","4/1/2014 21:27:00",40.74251605,-73.98467783,"B02512"
"931","4/1/2014 21:28:00",40.74406926,-74.00125179,"B02512"
"932","4/1/2014 21:29:00",40.7646763,-73.98368642,"B02512"
"933","4/1/2014 21:31:00",40.77084269,-73.86579795,"B02512"
"934","4/1/2014 21:31:00",40.72305003,-73.98387097,"B02512"
"935","4/1/2014 21:31:00",40.75078687,-73.99451977,"B02512"
"936","4/1/2014 21:32:00",40.75977142,-73.97454805,"B02512"
"937","4/1/2014 21:33:00",40.77404475,-73.87192346,"B02512"
"938","4/1/2014 21:36:00",40.68339648,-73.97500763,"B02512"
"939","4/1/2014 21:38:00",40.76526022,-73.97888551,"B02512"
"940","4/1/2014 21:38:00",40.72824125,-73.99922186,"B02512"
"941","4/1/2014 21:40:00",40.72496158,-73.99962612,"B02512"
"942","4/1/2014 21:41:00",40.76349542,-73.98784721,"B02512"
"943","4/1/2014 21:42:00",40.76431671,-73.97662123,"B02512"
"944","4/1/2014 21:43:00",40.74457544,-73.97376962,"B02512"
"945","4/1/2014 21:43:00",40.73856201,-74.03047747,"B02512"
"946","4/1/2014 21:43:00",40.73856201,-74.03047747,"B02512"
"947","4/1/2014 21:43:00",40.71911568,-74.00646163,"B02512"
"948","4/1/2014 21:43:00",40.70628687,-74.00912214,"B02512"
"949","4/1/2014 21:44:00",40.73730065,-74.00574225,"B02512"
"950","4/1/2014 21:44:00",40.68614075,-73.97387858,"B02512"
"951","4/1/2014 21:46:00",40.76069938,-73.98756439,"B02512"
"952","4/1/2014 21:47:00",40.74237742,-73.98508804,"B02512"
"953","4/1/2014 21:48:00",40.71261596,-73.96067265,"B02512"
"954","4/1/2014 21:50:00",40.74381315,-73.99236135,"B02512"
"955","4/1/2014 21:50:00",40.64641938,-73.79009929,"B02512"
"956","4/1/2014 21:52:00",40.68320742,-73.97545564,"B02512"
"957","4/1/2014 21:52:00",40.77372401,-73.98376529,"B02512"
"958","4/1/2014 21:55:00",40.74078674,-73.98587401,"B02512"
"959","4/1/2014 21:56:00",40.74716641,-73.98547485,"B02512"
"960","4/1/2014 21:57:00",40.75927682,-73.98087532,"B02512"
"961","4/1/2014 21:57:00",40.73012861,-74.00484804,"B02512"
"962","4/1/2014 21:59:00",40.84529973,-74.15739759,"B02512"
"963","4/1/2014 22:00:00",40.74375678,-73.98481529,"B02512"
"964","4/1/2014 22:01:00",40.75859573,-73.974382,"B02512"
"965","4/1/2014 22:02:00",40.72645117,-74.00367524,"B02512"
"966","4/1/2014 22:03:00",40.73973871,-74.02689572,"B02512"
"967","4/1/2014 22:03:00",40.73973871,-74.02689572,"B02512"
"968","4/1/2014 22:06:00",40.73132353,-73.98856435,"B02512"
"969","4/1/2014 22:07:00",40.71505509,-74.0078734,"B02512"
"970","4/1/2014 22:07:00",40.73209902,-74.00653929,"B02512"
"971","4/1/2014 22:08:00",40.74035742,-74.00793375,"B02512"
"972","4/1/2014 22:09:00",40.76192758,-73.98988249,"B02512"
"973","4/1/2014 22:11:00",40.69900358,-73.9577047,"B02512"
"974","4/1/2014 22:12:00",40.73682952,-73.98670163,"B02512"
"975","4/1/2014 22:13:00",40.74595921,-73.99061347,"B02512"
"976","4/1/2014 22:14:00",40.70578359,-74.00880503,"B02512"
"977","4/1/2014 22:16:00",40.75900652,-73.97240521,"B02512"
"978","4/1/2014 22:17:00",40.73855305,-73.98552306,"B02512"
"979","4/1/2014 22:17:00",40.7626982,-73.97125225,"B02512"
"980","4/1/2014 22:21:00",40.74318715,-74.0075388,"B02512"
"981","4/1/2014 22:23:00",40.72564023,-73.98814542,"B02512"
"982","4/1/2014 22:26:00",40.70788731,-73.94638167,"B02512"
"983","4/1/2014 22:30:00",40.85483196,-73.9368864,"B02512"
"984","4/1/2014 22:35:00",40.74060385,-74.00567886,"B02512"
"985","4/1/2014 22:35:00",40.73843865,-73.98551953,"B02512"
"986","4/1/2014 22:42:00",40.7401187,-73.97917947,"B02512"
"987","4/1/2014 22:42:00",40.74163218,-74.0038091,"B02512"
"988","4/1/2014 22:42:00",40.76348426,-73.97642375,"B02512"
"989","4/1/2014 22:44:00",40.76270773,-73.98322862,"B02512"
"990","4/1/2014 22:45:00",40.77019419,-73.98177283,"B02512"
"991","4/1/2014 22:45:00",40.76440114,-73.97401812,"B02512"
"992","4/1/2014 22:47:00",40.7143695,-74.00001872,"B02512"
"993","4/1/2014 22:47:00",40.72283974,-73.95540051,"B02512"
"994","4/1/2014 22:49:00",40.69216621,-73.98726859,"B02512"
"995","4/1/2014 22:57:00",40.7465747,-74.0095161,"B02512"
"996","4/1/2014 22:57:00",40.72181753,-73.99751103,"B02512"
"997","4/1/2014 23:00:00",40.7051458,-73.9204665,"B02512"
"998","4/1/2014 23:01:00",40.74257787,-74.00420833,"B02512"
"999","4/1/2014 23:01:00",40.75540323,-73.97023028,"B02512"
"1000","4/1/2014 23:01:00",40.71733818,-74.00967297,"B02512"
