Year	TeamID	Team	W	L	RS	RA	DOFF	at_time_pyth	preseason_talent	made_playoffs
2014	BAL	Orioles	55	45	509	346	54.7	0.53054609	79.82364821	1
2014	NYY	Yankees	53	48	500	415	30.4	0.470079638	82.73830295	0
2014	TOR	Blue Jays	54	49	474	425	30.3	0.522062316	79.70875854	0
2014	TBR	Rays	49	53	433	405	5.6	0.491008051	88.61638896	0
2014	BOS	Red Sox	47	55	467	445	2	0.465985266	88.31259597	0
2014	DET	Tigers	56	42	399	426	79.4	0.54975633	88.95962399	1
2014	CLE	Indians	51	50	396	344	15.2	0.503053366	79.4914937	0
2014	KCR	Royals	50	50	400	398	13.3	0.502293222	79.61292731	1
2014	CHW	White Sox	48	54	451	448	3.4	0.472477719	74.35650962	0
2014	MIN	Twins	46	54	403	411	2.2	0.466380442	71.2107938	0
2014	OAK	Athletics	63	38	435	462	81.4	0.669604521	88.19027418	0
2014	LAA	Angels	60	40	401	432	64.6	0.584429317	85.73813191	1
2014	SEA	Mariners	53	48	419	451	17.4	0.564049614	78.20505539	0
2014	HOU	Astros	42	60	395	494	0	0.399085005	65.80248422	0
2014	TEX	Rangers	40	62	411	523	0	0.391500691	85.36643341	0
2014	WSN	Nationals	55	44	457	428	67	0.58391953	87.01601608	1
2014	ATL	Braves	55	47	411	370	45.6	0.524002801	86.01699445	0
2014	NYM	Mets	48	53	420	349	5.9	0.505783637	74.83756643	0
2014	MIA	Marlins	48	53	425	384	5.5	0.469208536	69.57722898	0
2014	PHI	Phillies	44	58	391	371	0.4	0.433591645	75.17216384	0
2014	MIL	Brewers	57	45	372	364	62.2	0.529957863	79.69750109	0
2014	STL	Cardinals	54	47	423	413	36.1	0.509944732	89.14492761	1
2014	PIT	Pirates	54	47	389	377	38.6	0.51094375	80.1913661	0
2014	CIN	Reds	51	50	416	445	15.6	0.51433145	85.14124771	0
2014	CHC	Cubs	41	58	398	393	0.1	0.447752842	73.99294323	0
2014	SFG	Giants	57	45	312	347	67.3	0.547931133	83.97233637	1
2014	LAD	Dodgers	56	47	388	449	54.4	0.546278986	93.35162998	1
2014	SDP	Padres	44	56	406	475	0.8	0.451510746	78.868514	0
2014	ARI	Diamondbacks	44	58	387	434	0.4	0.428679741	80.49183194	0
2014	COL	Rockies	41	60	476	540	0.1	0.442540751	76.68090563	0
2013	BOS	Boston	65	44	545	448	69.05	0.588717566	83.06553292	1
2013	TBR	Tampa Bay	64	44	498	429	64.1	0.56781256	88.22700824	1
2013	BAL	Baltimore	59	49	504	484	23.5	0.518516326	76.36185333	0
2013	NYY	New York	56	51	412	418	9.85	0.493385813	91.03255847	0
2013	TOR	Toronto	50	57	494	514	0.4	0.481850832	81.4846736	0
2013	DET	Detroit	61	45	549	417	69.7	0.62322804	88.77278699	1
2013	CLE	Cleveland	59	48	513	462	39.65	0.547759213	76.81620486	0
2013	KCR	Kansas City	53	51	410	405	8.9	0.505613332	76.30235247	0
2013	MIN	Minnesota	45	59	418	472	0.15	0.444642732	67.39604301	0
2013	CHW	Chicago	40	65	390	467	0	0.418305344	74.27277045	0
2013	OAK	Oakland	63	45	481	417	80.25	0.564953208	83.92588157	1
2013	TEX	Texas	59	49	456	443	33.45	0.513229202	89.20580395	0
2013	SEA	Seattle	50	57	428	482	0.7	0.445852608	77.42503808	0
2013	LAA	Los Angeles	48	58	477	497	0.3	0.4812177	88.68884266	0
2013	HOU	Houston	36	70	405	560	0	0.355944294	64.41210179	0
2013	ATL	Atlanta	63	45	483	382	96.3	0.605709073	84.54676617	1
2013	WSN	Washington	52	56	401	438	4.6	0.459709747	87.28349973	0
2013	PHI	Philadelphia	50	57	407	488	2.5	0.417717815	82.52556371	0
2013	NYM	New York	48	57	434	465	1.3	0.468477625	78.99937879	0
2013	MIA	Miami	41	65	338	433	0	0.388582138	69.34245072	0
2013	PIT	Pittsburgh	65	42	420	356	80.4	0.575064028	79.07692549	1
2013	STL	St. Louis	62	44	505	386	62.45	0.620520847	84.27616628	1
2013	CIN	Cincinnati	60	49	470	387	42.7	0.58797094	89.62954321	0
2013	CHC	Chicago	49	58	428	447	0.95	0.480138761	79.42287582	0
2013	MIL	Milwaukee	46	62	424	488	0.1	0.436036158	80.47286418	0
2013	LAD	Los Angeles	57	49	419	412	65.65	0.507707153	88.93148242	1
2013	ARI	Arizona	55	52	448	431	34.15	0.517691065	84.81702325	0
2013	COL	Colorado	51	58	478	491	4.6	0.487726188	72.32468938	0
2013	SDP	San Diego	50	59	434	491	2.85	0.443783381	76.52568246	0
2013	SFG	San Francisco	47	59	411	470	1.4	0.438937506	84.72223161	0
2012	NYY	New York	60	43	497	420	78.35	0.576410102	93.83522504	1
2012	BAL	Baltimore	55	49	436	487	25.2	0.449562621	73.43562627	1
2012	TBR	Tampa Bay	54	50	428	409	18.2	0.520762232	87.69867441	0
2012	BOS	Boston	53	51	510	473	13	0.534402324	88.7582346	0
2012	TOR	Toronto	51	52	505	493	7.5	0.511000759	78.38031158	0
2012	CHW	Chicago	56	47	490	430	64.4	0.55947581	78.45024183	0
2012	DET	Detroit	54	50	463	456	33.95	0.506969216	85.53318265	1
2012	CLE	Cleveland	50	53	439	510	10.05	0.431842507	79.20352322	0
2012	MIN	Minnesota	44	59	453	537	0.45	0.422798938	73.35367364	0
2012	KCR	Kansas City	42	60	423	484	0.2	0.438679173	71.20390546	0
2012	TEX	Texas	59	43	507	434	70.2	0.570650004	91.01387468	0
2012	LAA	Los Angeles	57	47	475	416	40.9	0.560381886	86.53244354	0
2012	OAK	Oakland	56	47	414	384	36.45	0.534360472	76.25219907	1
2012	SEA	Seattle	49	57	423	422	1.15	0.501082839	70.03718243	0
2012	WSN	Washington	61	41	440	366	78.65	0.583456439	80.58720438	1
2012	ATL	Atlanta	59	44	479	427	55	0.552381432	86.33196423	0
2012	NYM	New York	50	54	468	480	2.25	0.488419174	79.35002688	0
2012	MIA	Miami	47	56	378	469	0.5	0.402575156	83.82418701	0
2012	PHI	Philadelphia	46	57	436	465	0.3	0.47057326	90.22896347	0
2012	CIN	Cincinnati	62	41	444	379	79.25	0.571914777	84.50141463	1
2012	PIT	Pittsburgh	59	44	423	391	52.2	0.53592704	71.42111516	0
2012	STL	St. Louis	55	48	509	410	20.1	0.597681098	87.98336591	1
2012	MIL	Milwaukee	47	56	470	478	0.55	0.492278912	85.39697876	0
2012	CHC	Chicago	43	59	383	450	0.05	0.426775568	74.13306346	0
2012	HOU	Houston	35	70	406	532	0	0.378803159	64.87436273	0
2012	SFG	San Francisco	56	47	412	406	52.4	0.506711209	84.21845231	1
2012	LAD	Los Angeles	56	49	410	399	40.3	0.512439485	79.63202191	0
2012	ARI	Arizona	53	51	477	437	18.35	0.5399838	83.38869501	0
2012	SDP	San Diego	44	61	394	450	0.1	0.439497688	80.04893026	0
2012	COL	Colorado	37	64	477	575	0	0.41533782	80.05488646	0
2011	BOS	Boston	66	40	586	443	95.1	0.62526174	92.46820263	0
2011	NYY	New York	64	42	560	410	88.4	0.638891624	92.302747	1
2011	TBR	Tampa Bay	56	51	454	424	7.5	0.531235683	87.2370906	1
2011	TOR	Toronto	55	53	510	493	3.3	0.515504987	76.67871476	0
2011	BAL	Baltimore	42	63	430	560	0	0.381450204	76.87775758	0
2011	DET	Detroit	57	51	484	490	54.7	0.494363617	81.74728253	1
2011	CLE	Cleveland	53	52	440	452	26.6	0.487692327	74.03424676	0
2011	CHW	Chicago	52	54	417	424	14.6	0.49238448	82.44508935	0
2011	MIN	Minnesota	50	58	426	517	4.1	0.412341415	84.60188971	0
2011	KCR	Kansas City	46	62	477	524	0.4	0.457111999	68.28301139	0
2011	TEX	Texas	61	48	548	458	65.7	0.581348888	85.5963302	1
2011	LAA	Los Angeles	59	50	421	400	38.8	0.523392401	77.61031812	0
2011	OAK	Oakland	49	59	415	425	0.6	0.489108351	82.99651832	0
2011	SEA	Seattle	45	62	349	416	0.1	0.420341318	70.340408	0
2011	PHI	Philadelphia	68	39	467	357	98.4	0.620465867	89.21111864	1
2011	ATL	Atlanta	63	46	439	386	74.5	0.55859245	87.55972687	0
2011	NYM	New York	55	53	486	471	5.6	0.514338935	79.83714107	0
2011	FLA	Florida	53	55	435	469	2	0.465624358	83.56281583	0
2011	WSN	Washington	51	56	413	433	0.9	0.478378256	71.79752389	0
2011	MIL	Milwaukee	60	49	467	462	58.4	0.504924538	82.3420361	1
2011	STL	St. Louis	57	51	517	466	29	0.547372174	86.625693	1
2011	PIT	Pittsburgh	54	52	406	410	14.3	0.49551479	68.79933725	0
2011	CIN	Cincinnati	53	55	508	468	4.8	0.537450744	83.15305618	0
2011	CHC	Chicago	43	65	428	541	0	0.394422033	78.49783933	0
2011	HOU	Houston	35	73	409	539	0	0.376347417	67.76495127	0
2011	SFG	San Francisco	61	47	382	379	67.9	0.503607052	90.59226567	0
2011	ARI	Arizona	59	49	492	467	42.4	0.523840286	75.33683269	1
2011	COL	Colorado	51	57	483	494	1.4	0.489699078	85.04148013	0
2011	LAD	Los Angeles	48	59	393	435	0.3	0.453680281	84.53695655	0
2011	SDP	San Diego	47	62	383	412	0.1	0.466657382	79.97982224	0
2010	NYY	New York	66	37	563	422	91	0.628909639	90.22479508	1
2010	TBR	Tampa Bay	64	39	523	397	81.9	0.623499992	89.41361653	1
2010	BOS	Boston	59	45	542	475	20.4	0.560076046	92.96600023	0
2010	TOR	Toronto	54	50	486	449	2.7	0.536164212	76.65177295	0
2010	BAL	Baltimore	32	72	375	568	0	0.318688047	76.35421498	0
2010	CHW	Chicago	58	45	475	425	51.5	0.550710771	80.14393936	0
2010	MIN	Minnesota	58	46	514	425	44.6	0.586119254	82.41943391	1
2010	DET	Detroit	52	51	453	472	6.9	0.481211612	79.48925846	0
2010	KCR	Kansas City	44	60	449	559	0	0.401071706	74.53342157	0
2010	CLE	Cleveland	43	61	416	504	0	0.41310102	78.53032564	0
2010	TEX	Texas	61	43	523	430	88.8	0.58863058	82.64810055	1
2010	OAK	Oakland	52	51	433	417	6.9	0.517218752	81.86295554	0
2010	LAA	Los Angeles	53	53	477	499	5.1	0.479383202	81.5831584	0
2010	SEA	Seattle	39	66	344	461	0	0.369178147	79.60341314	0
2010	ATL	Atlanta	59	44	475	401	69.5	0.576864923	85.76343487	1
2010	PHI	Philadelphia	56	48	487	442	31	0.544240568	89.35776213	1
2010	NYM	New York	53	51	449	411	10.6	0.540368517	78.70239366	0
2010	FLA	Florida	53	51	473	454	10.4	0.518747879	80.49306105	0
2010	WSN	Washington	46	58	429	473	0.2	0.455448865	72.60300404	0
2010	STL	St. Louis	58	46	464	383	60.1	0.586880591	87.47532888	0
2010	CIN	Cincinnati	58	47	515	445	53.9	0.566442094	76.88636401	1
2010	MIL	Milwaukee	48	57	486	566	0.9	0.430731965	79.00547241	0
2010	CHC	Chicago	46	58	437	493	0.4	0.445059223	81.0285172	0
2010	HOU	Houston	44	59	375	495	0.1	0.375646991	77.12968025	0
2010	PIT	Pittsburgh	36	67	358	552	0	0.311649808	70.69645229	0
2010	SDP	San Diego	60	42	443	353	75.9	0.602428965	72.60233186	0
2010	SFG	San Francisco	60	45	467	385	62.5	0.58742904	81.71744912	1
2010	LAD	Los Angeles	54	50	459	452	12.4	0.50703041	85.85572186	0
2010	COL	Colorado	54	50	501	458	12.2	0.540962625	85.18248555	0
2010	ARI	Arizona	38	66	465	590	0	0.392767053	80.60805929	0
2009	NYY	New York	62	41	569	491	77.7	0.567045877	94.39227623	1
2009	BOS	Boston	60	42	526	442	64.5	0.578935278	93.69897159	1
2009	TBR	Tampa Bay	56	47	536	464	19.6	0.565613621	90.01744602	0
2009	TOR	Toronto	49	54	499	460	0.8	0.537162511	80.34043091	0
2009	BAL	Baltimore	44	58	472	531	0	0.446321919	75.12331281	0
2009	DET	Detroit	53	48	471	441	46.3	0.530073204	80.63613842	0
2009	CHW	Chicago	53	51	473	468	28.8	0.504861742	78.31563784	0
2009	MIN	Minnesota	52	51	501	487	25.4	0.512963549	79.55193262	1
2009	CLE	Cleveland	43	60	528	561	0.4	0.472292649	85.56419938	0
2009	KCR	Kansas City	40	62	396	507	0.1	0.388840882	75.10669549	0
2009	LAA	Los Angeles	61	40	566	502	79.8	0.554677702	82.82090491	1
2009	TEX	Texas	58	43	493	445	50.2	0.546727211	73.00595142	0
2009	SEA	Seattle	53	50	396	446	6.3	0.445814709	75.84668245	0
2009	OAK	Oakland	44	58	458	499	0	0.460855632	81.8441182	0
2009	PHI	Philadelphia	59	42	544	466	83	0.570334838	87.28377788	1
2009	FLA	Florida	54	49	466	474	22.3	0.492213208	74.1858549	0
2009	ATL	Atlanta	52	51	452	427	10.4	0.526007418	84.16202542	0
2009	NYM	New York	49	53	435	462	3.6	0.472477719	89.66582065	0
2009	WSN	Washington	32	71	454	563	0	0.402806749	74.38648884	0
2009	STL	St. Louis	57	49	470	435	48.1	0.535345346	82.49808975	1
2009	CHC	Chicago	54	47	448	413	41.8	0.537147057	92.95795594	0
2009	MIL	Milwaukee	51	52	482	508	11.3	0.475982667	84.14158452	0
2009	HOU	Houston	51	52	431	480	10.8	0.450896094	72.33198756	0
2009	CIN	Cincinnati	45	57	408	491	0.7	0.416083064	77.58443722	0
2009	PIT	Pittsburgh	44	58	420	446	0.4	0.472548243	66.89427183	0
2009	LAD	Los Angeles	64	39	504	403	95.7	0.600910586	88.91440447	1
2009	SFG	San Francisco	56	47	407	379	35.8	0.532563063	75.32237277	0
2009	COL	Colorado	56	47	508	458	36.1	0.547261101	74.11387152	1
2009	ARI	Arizona	45	58	458	489	0.1	0.470072629	85.45510675	0
2009	SDP	San Diego	42	62	391	524	0	0.369166326	73.50118269	0
2008	TBR	Tampa Bay	63	44	474	433	79.2	0.541295557	81.74253253	1
2008	BOS	Boston	61	48	538	456	49.6	0.575082707	90.8243068	1
2008	NYY	New York	59	49	516	471	32.4	0.541649532	94.837358	0
2008	TOR	Toronto	54	54	457	425	4.7	0.533163098	80.47535855	0
2008	BAL	Baltimore	51	56	517	538	1	0.481792378	68.74931875	0
2008	CHW	Chicago	60	47	536	460	59.4	0.569502349	76.72334867	1
2008	MIN	Minnesota	60	48	536	506	53.5	0.526326483	77.62053385	0
2008	DET	Detroit	55	53	550	522	9.6	0.523886494	89.64396986	0
2008	KCR	Kansas City	50	59	454	528	0.6	0.431354165	73.4476688	0
2008	CLE	Cleveland	47	60	503	498	0.1	0.50457034	89.64580707	0
2008	LAA	Los Angeles	68	40	501	445	99	0.554016677	85.27726142	1
2008	TEX	Texas	56	53	610	644	8	0.475205659	75.87481656	0
2008	OAK	Oakland	53	54	449	408	2.9	0.543696482	80.04855795	0
2008	SEA	Seattle	41	67	435	507	0	0.430382214	76.69340617	0
2008	PHI	Philadelphia	59	49	546	469	49.7	0.569102339	85.53379393	1
2008	NYM	New York	58	50	532	486	38	0.541279777	90.06263386	0
2008	FLA	Florida	58	51	526	547	33.1	0.482097634	72.807923	0
2008	ATL	Atlanta	50	58	493	475	1.1	0.517009858	85.70830071	0
2008	WSN	Washington	38	70	398	524	0	0.376760161	72.87837227	0
2008	CHC	Chicago	65	44	580	450	88.5	0.614061807	87.21218812	1
2008	STL	St. Louis	61	50	531	503	43.4	0.524763345	75.58623569	0
2008	MIL	Milwaukee	60	49	505	495	43.4	0.509149284	85.09483279	1
2008	CIN	Cincinnati	51	58	476	542	0.8	0.440872427	78.87191695	0
2008	HOU	Houston	50	57	466	522	0.7	0.448267797	73.67721158	0
2008	PIT	Pittsburgh	50	58	533	602	0.6	0.444534973	72.57722055	0
2008	ARI	Arizona	56	52	491	463	62.1	0.526837244	84.25106952	0
2008	LAD	Los Angeles	54	54	450	431	35.1	0.519726074	85.31862354	1
2008	COL	Colorado	49	61	512	569	3.1	0.451857821	83.30080632	0
2008	SFG	San Francisco	44	63	419	505	0.5	0.415411608	71.88941999	0
2008	SDP	San Diego	42	67	414	524	0.1	0.393841001	80.92301172	0
2007	BOS	Boston	64	42	545	420	91.8	0.616985313	88.35435082	1
2007	NYY	New York	57	49	612	482	26.7	0.60753975	91.58170264	1
2007	TOR	Toronto	53	53	491	460	5	0.529801703	81.76452576	0
2007	BAL	Baltimore	50	55	479	467	1.4	0.511605303	74.65146813	0
2007	TBD	Tampa Bay	40	66	493	664	0	0.367042753	75.09876193	0
2007	DET	Detroit	61	45	613	529	71.7	0.567019009	85.62956033	0
2007	CLE	Cleveland	60	46	552	501	60.5	0.544234987	89.04097792	1
2007	MIN	Minnesota	55	51	498	475	12.9	0.521619524	89.50580231	0
2007	CHW	Chicago	48	58	449	547	0.3	0.410647469	77.87887093	0
2007	KCR	Kansas City	47	59	493	517	0.2	0.478267034	66.89435796	0
2007	LAA	Los Angeles	62	43	532	466	84.5	0.560304483	85.53946316	1
2007	SEA	Seattle	58	47	506	505	44.1	0.500905044	74.98783204	0
2007	OAK	Oakland	50	57	458	453	0.8	0.505021835	81.93848495	0
2007	TEX	Texas	47	59	514	569	0.1	0.453625513	81.2230739	0
2007	NYM	New York	59	47	483	448	67.6	0.534360472	86.38514046	0
2007	PHI	Philadelphia	56	50	578	536	33.2	0.534458954	86.08383599	1
2007	ATL	Atlanta	56	51	518	482	29.4	0.532906607	82.96894623	0
2007	FLA	Florida	49	58	520	554	1.2	0.471056232	79.3632021	0
2007	WSN	Washington	46	60	404	509	0.3	0.395849167	69.27618647	0
2007	MIL	Milwaukee	58	49	515	477	59.8	0.535010177	81.89888066	0
2007	CHC	Chicago	56	49	490	428	47.5	0.561577423	81.33909121	1
2007	STL	St. Louis	50	53	458	533	9	0.431061003	82.49633396	0
2007	HOU	Houston	46	60	470	540	0.5	0.436821817	81.29235986	0
2007	CIN	Cincinnati	45	62	492	553	0.2	0.446730655	73.42091178	0
2007	PIT	Pittsburgh	42	62	420	520	0	0.403514959	75.31582745	0
2007	ARI	Arizona	59	49	446	473	52.8	0.473135676	84.01189114	1
2007	LAD	Los Angeles	57	49	491	460	41.5	0.529801703	81.01534662	0
2007	SDP	San Diego	56	49	444	400	36.8	0.547600119	85.06705012	0
2007	COL	Colorado	54	51	515	503	19.9	0.510784681	79.26461036	1
2007	SFG	San Francisco	46	58	449	457	0.4	0.491921023	78.24307762	0
2006	BOS	Boston	63	41	577	512	64.6	0.554462383	91.12423403	0
2006	NYY	New York	61	41	570	490	52.2	0.56874992	91.12117596	1
2006	TOR	Toronto	57	48	565	512	8.8	0.54494263	80.27505856	0
2006	BAL	Baltimore	48	59	526	611	0	0.431894397	77.28504326	0
2006	TBD	Tampa Bay	44	62	473	572	0	0.413920919	69.70460453	0
2006	DET	Detroit	70	35	549	418	96.5	0.622198236	80.95115249	1
2006	CHW	Chicago	62	42	596	507	45.2	0.573455902	83.62187585	0
2006	MIN	Minnesota	61	43	531	464	32.5	0.561395061	83.77366957	1
2006	CLE	Cleveland	45	59	567	538	0	0.524000631	88.05576717	0
2006	KCR	Kansas City	37	68	479	621	0	0.383404231	63.56255901	0
2006	OAK	Oakland	56	50	475	476	44.9	0.499037856	90.8826977	1
2006	LAA	Los Angeles	54	51	513	493	28.8	0.518185227	83.8485105	0
2006	SEA	Seattle	52	53	504	494	13.9	0.509167616	76.65515844	0
2006	TEX	Texas	52	54	530	526	12.5	0.50346587	80.83939113	0
2006	NYM	New York	63	41	566	475	98.9	0.57950972	86.40689573	1
2006	PHI	Philadelphia	49	55	526	550	7	0.479599025	85.84356154	0
2006	FLA	Florida	49	56	492	503	5	0.48988539	74.57055075	0
2006	ATL	Atlanta	48	56	549	540	3.8	0.507561579	86.12854574	0
2006	WSN	Washington	47	59	492	554	1.2	0.445913623	72.42898956	0
2006	STL	St. Louis	58	46	512	494	83.5	0.516367667	88.20674573	1
2006	CIN	Cincinnati	55	50	521	534	51.3	0.488726459	77.03076331	0
2006	MIL	Milwaukee	50	56	492	565	7	0.437042169	82.45692483	0
2006	HOU	Houston	49	56	476	504	5.6	0.473873842	83.3825083	0
2006	CHC	Chicago	43	62	437	540	0.2	0.404368938	84.09681232	0
2006	PIT	Pittsburgh	40	66	483	549	0	0.441669388	77.5976499	0
2006	SDP	San Diego	55	50	487	477	54.1	0.509490902	78.71676541	1
2006	ARI	Arizona	54	51	528	524	41.7	0.503479048	73.84145977	0
2006	COL	Colorado	51	54	487	473	15.6	0.513341528	74.02951631	0
2006	SFG	San Francisco	51	55	495	500	13.4	0.495402101	78.67724771	0
2006	LAD	Los Angeles	50	55	524	506	11.8	0.515986469	83.92543128	1
2005	BOS	Boston	59	45	570	502	68.9	0.557858732	95.87671263	1
2005	NYY	New York	56	47	567	526	42.4	0.534285189	92.1321952	1
2005	TOR	Toronto	53	51	513	444	13.4	0.565704296	74.60789596	0
2005	BAL	Baltimore	51	53	491	497	5.8	0.49444348	78.80674708	0
2005	TBD	Tampa Bay	40	66	487	627	0	0.38641454	69.80391737	0
2005	CHW	Chicago	68	35	510	413	99.7	0.595334476	81.41965052	1
2005	CLE	Cleveland	55	51	481	443	14.2	0.537580101	82.9453469	0
2005	MIN	Minnesota	54	50	459	437	14.6	0.522455918	85.54871419	0
2005	DET	Detroit	50	54	476	475	2.4	0.500962144	75.40686221	0
2005	KCR	Kansas City	38	67	455	588	0	0.384789977	70.30378579	0
2005	LAA	Los Angeles	60	45	480	421	71.9	0.559716233	83.92166917	1
2005	OAK	Oakland	58	46	504	450	54.8	0.551662833	87.14106641	0
2005	TEX	Texas	53	51	558	530	11.8	0.523535589	79.99716545	0
2005	SEA	Seattle	45	59	460	484	0.2	0.476749055	77.42521981	0
2005	ATL	Atlanta	61	44	489	401	78.8	0.589784345	85.08974475	1
2005	WSN	Washington	56	49	404	429	28.6	0.472558369	74.04938729	0
2005	FLA	Florida	53	49	473	446	17.2	0.526864324	81.74721454	0
2005	PHI	Philadelphia	55	51	497	500	17.2	0.49724676	88.21376022	0
2005	NYM	New York	53	52	470	431	9.4	0.539547973	79.27665338	0
2005	STL	St. Louis	66	38	532	406	98.3	0.621196841	91.75622585	1
2005	HOU	Houston	57	48	451	404	37.8	0.550179507	83.11662005	1
2005	CHC	Chicago	53	52	479	470	8.1	0.508676944	88.54330374	0
2005	MIL	Milwaukee	52	54	479	453	4	0.525510206	72.62625807	0
2005	CIN	Cincinnati	47	58	539	596	0.2	0.45413903	74.11501311	0
2005	PIT	Pittsburgh	44	61	417	495	0	0.422189201	73.86196126	0
2005	ARI	Arizona	52	55	470	549	42.4	0.429395158	72.58668083	0
2005	SDP	San Diego	51	54	444	482	42.5	0.462500851	82.96822947	1
2005	LAD	Los Angeles	47	58	453	503	10.4	0.452246639	83.82295827	0
2005	SFG	San Francisco	45	59	451	532	5	0.425002082	85.65852644	0
2005	COL	Colorado	37	67	455	580	0.1	0.390741327	74.40378666	0
2004	NYY	New York	65	38	565	504	97.7	0.552079555	100.7263075	1
2004	BOS	Boston	56	46	573	495	40.7	0.566547856	100.0963643	1
2004	TBD	Tampa Bay	49	54	454	499	1.8	0.456869636	60.69483238	0
2004	BAL	Baltimore	46	56	516	554	0.5	0.467536733	78.38332443	0
2004	TOR	Toronto	45	58	451	491	0.2	0.461201276	81.85387965	0
2004	MIN	Minnesota	58	45	485	465	72.5	0.519256475	83.82158257	1
2004	CHW	Chicago	52	49	538	479	20.6	0.552943063	81.47784309	0
2004	CLE	Cleveland	53	51	577	576	16.9	0.500793581	74.09043366	0
2004	DET	Detroit	50	54	551	531	4.5	0.5169086	62.51870591	0
2004	KCR	Kansas City	36	66	429	570	0	0.372840921	78.13009644	0
2004	OAK	Oakland	58	45	520	464	59.1	0.551941435	90.49808056	0
2004	TEX	Texas	57	45	560	508	53.4	0.544468015	74.92102666	0
2004	ANA	Anaheim	56	48	532	480	32.1	0.546918807	82.84676379	1
2004	SEA	Seattle	39	64	433	527	0	0.41107408	85.84040816	0
2004	ATL	Atlanta	57	46	490	419	69.9	0.571128793	84.85113351	1
2004	PHI	Philadelphia	53	51	512	512	19.4	0.5	91.56801542	0
2004	FLA	Florida	52	52	451	459	13	0.491956531	81.03719496	0
2004	NYM	New York	49	54	451	453	4.8	0.497975671	94.53166777	0
2004	MON	Montreal	41	63	377	486	0	0.385858867	79.54545112	0
2004	STL	St. Louis	66	37	556	426	98.8	0.619489499	88.19953785	1
2004	CHC	Chicago	56	48	483	402	27.4	0.58319987	88.33512991	0
2004	HOU	Houston	52	52	484	441	5.3	0.542463281	91.54424925	1
2004	CIN	Cincinnati	51	53	480	567	3.2	0.424377431	74.4181747	0
2004	MIL	Milwaukee	50	53	414	452	2.4	0.459910327	68.02731707	0
2004	PIT	Pittsburgh	49	53	454	450	2.3	0.504048611	70.55624286	0
2004	LAD	Los Angeles	60	43	479	419	75	0.560922868	77.79729425	1
2004	SDP	San Diego	58	46	466	433	49.6	0.53355192	79.69216967	0
2004	SFG	San Francisco	57	49	529	525	28.7	0.503472447	85.4601601	0
2004	COL	Colorado	46	58	560	606	0.2	0.463946168	74.63970437	0
2004	ARI	Arizona	33	73	425	602	0	0.345891534	82.73890879	0
2003	NYY	New York	66	40	569	461	91.8	0.595122515	102.3250916	1
2003	BOS	Boston	63	44	663	554	67.5	0.581439834	98.82774402	1
2003	TOR	Toronto	54	54	624	575	1.6	0.537344823	80.18099376	0
2003	BAL	Baltimore	50	55	533	531	0.7	0.50171992	70.5627483	0
2003	TBD	Tampa Bay	40	66	470	593	0	0.395224127	60.56327695	0
2003	KCR	Kansas City	57	49	547	557	52	0.491712489	67.02100052	0
2003	CHW	Chicago	57	51	499	468	38.1	0.529309403	85.02596913	0
2003	MIN	Minnesota	53	54	507	536	11.1	0.474574355	83.86875509	1
2003	CLE	Cleveland	45	63	456	522	0.1	0.438470976	71.02814745	0
2003	DET	Detroit	28	78	349	564	0	0.293516153	58.57830852	0
2003	SEA	Seattle	66	42	549	416	87	0.6242592	90.51103694	0
2003	OAK	Oakland	62	46	492	414	49.4	0.578320171	90.17984866	1
2003	ANA	Anaheim	52	55	499	470	0.8	0.52736471	84.95227576	0
2003	TEX	Texas	45	63	556	683	0	0.406976251	81.16354618	0
2003	ATL	Atlanta	71	37	620	520	99.5	0.579782335	87.06787779	1
2003	PHI	Philadelphia	60	47	513	419	47.9	0.591555874	88.97617327	0
2003	FLA	Florida	59	49	516	481	28.3	0.532090398	78.5232973	1
2003	MON	Montreal	55	54	488	503	4.4	0.486152837	80.91439223	0
2003	NYM	New York	44	64	446	555	0	0.401281595	80.47889786	0
2003	HOU	Houston	58	50	530	457	53.6	0.567386084	87.4312266	0
2003	STL	St. Louis	56	52	605	536	29.2	0.555175032	87.53041523	0
2003	CHC	Chicago	54	53	485	477	18.1	0.507608736	81.75718093	1
2003	PIT	Pittsburgh	49	57	486	516	2	0.472624005	76.00896151	0
2003	CIN	Cincinnati	49	59	511	621	1.4	0.411739374	77.7942844	0
2003	MIL	Milwaukee	44	64	480	580	0	0.414276828	68.88037936	0
2003	SFG	San Francisco	68	40	514	440	98.4	0.570641964	86.01349954	1
2003	ARI	Arizona	56	52	484	445	8.8	0.538359336	87.61292745	0
2003	COL	Colorado	56	55	597	587	4	0.507727609	79.76050314	0
2003	LAD	Los Angeles	54	53	367	355	4.3	0.515204468	83.05345869	0
2003	SDP	San Diego	42	67	452	571	0	0.394679539	72.44904827	0
2002	NYY	New York	67	39	634	494	89.4	0.612209569	93.8952112	1
2002	BOS	Boston	63	43	573	415	56.7	0.643450305	87.0710411	0
2002	BAL	Baltimore	49	55	464	473	0.1	0.491211948	70.56040503	0
2002	TOR	Toronto	46	59	517	558	0	0.465142029	77.52635412	0
2002	TBD	Tampa Bay	35	71	432	597	0	0.356178503	68.02162076	0
2002	MIN	Minnesota	65	43	561	498	99.3	0.554282988	82.58732711	1
2002	CHW	Chicago	51	57	566	556	0.7	0.508154573	85.62004209	0
2002	CLE	Cleveland	47	59	460	547	0.1	0.421407817	84.18567492	0
2002	KCR	Kansas City	44	63	473	579	0	0.408531604	72.05354841	0
2002	DET	Detroit	40	66	410	554	0	0.365668669	72.30298699	0
2002	SEA	Seattle	66	42	538	428	75.8	0.603144775	89.24746141	0
2002	ANA	Anaheim	63	43	549	441	54.4	0.598896195	78.78845122	1
2002	OAK	Oakland	61	47	510	477	23.7	0.530565951	88.70985126	1
2002	TEX	Texas	45	62	535	580	0	0.463118787	81.94178234	0
2002	ATL	Atlanta	69	38	474	357	99.3	0.626856111	88.89734048	1
2002	NYM	New York	55	51	469	445	10.2	0.524013294	88.07031581	0
2002	MON	Montreal	53	54	467	494	3.1	0.474308283	68.48451889	0
2002	FLA	Florida	52	55	471	506	1.8	0.467253991	76.59205678	0
2002	PHI	Philadelphia	50	56	481	514	0.8	0.469679381	81.68107863	0
2002	STL	St. Louis	59	45	494	444	75	0.548665706	88.39573249	1
2002	CIN	Cincinnati	55	51	476	476	19.2	0.5	77.39872488	0
2002	HOU	Houston	54	52	501	469	13.3	0.530159866	83.77107279	0
2002	PIT	Pittsburgh	49	58	415	478	0.8	0.43569856	70.03923341	0
2002	CHC	Chicago	44	61	448	487	0	0.461886148	88.35672868	0
2002	MIL	Milwaukee	38	69	442	536	0	0.412687007	70.41761408	0
2002	ARI	Arizona	65	42	541	442	90.6	0.591425196	90.91194583	1
2002	LAD	Los Angeles	60	47	460	431	49.6	0.529756463	83.4477236	0
2002	SFG	San Francisco	59	48	515	423	36.4	0.589072954	87.76683381	1
2002	COL	Colorado	48	59	502	579	0.1	0.435082185	76.67086258	0
2002	SDP	San Diego	45	62	420	520	0	0.403514959	77.84471333	0
2001	NYY	New York	64	42	556	472	88.8	0.574377596	95.77503507	1
2001	BOS	Boston	60	45	523	439	60	0.579421769	89.32576411	0
2001	TOR	Toronto	49	58	503	523	0.2	0.482169048	80.25093982	0
2001	BAL	Baltimore	44	63	459	532	0	0.432883601	71.61687944	0
2001	TBD	Tampa Bay	35	71	416	626	0	0.321288396	72.91982827	0
2001	CLE	Cleveland	60	45	600	527	62.8	0.559073872	87.167874	1
2001	MIN	Minnesota	60	46	523	491	58.8	0.52885324	70.68171991	0
2001	CHW	Chicago	51	53	464	504	3.3	0.462240569	88.53455876	0
2001	DET	Detroit	46	58	512	581	0.1	0.442416673	78.56436204	0
2001	KCR	Kansas City	42	64	460	557	0	0.413346068	75.25825141	0
2001	SEA	Seattle	76	30	615	433	99.9	0.65523224	80.13534399	1
2001	OAK	Oakland	57	49	527	459	19.9	0.562869276	87.8363434	1
2001	ANA	Anaheim	54	52	458	444	5.9	0.514199096	78.60526316	0
2001	TEX	Texas	48	58	583	611	0.2	0.478551949	83.48048069	0
2001	ATL	Atlanta	60	46	492	425	71	0.566575535	92.4137303	1
2001	PHI	Philadelphia	57	49	510	495	35	0.513654335	73.24897614	0
2001	FLA	Florida	53	52	517	451	9.8	0.562160066	74.61414398	0
2001	NYM	New York	49	58	401	487	0.8	0.412031413	89.63741455	0
2001	MON	Montreal	45	62	467	556	0	0.420865014	72.42568743	0
2001	CHC	Chicago	62	43	480	421	83.9	0.559716233	76.01043741	0
2001	HOU	Houston	58	48	580	546	37	0.527609064	79.64895066	1
2001	STL	St. Louis	53	51	492	470	8.4	0.520916591	87.46844898	1
2001	MIL	Milwaukee	45	59	470	474	0.1	0.496122936	71.46509436	0
2001	CIN	Cincinnati	42	63	474	542	0	0.438973921	82.74694061	0
2001	PIT	Pittsburgh	41	64	437	564	0	0.385356977	73.59788278	0
2001	LAD	Los Angeles	61	46	517	492	63.1	0.522660069	86.22588053	0
2001	ARI	Arizona	60	46	534	456	58.3	0.571742128	86.7518944	1
2001	SFG	San Francisco	58	49	523	519	30.7	0.503512435	88.29046198	0
2001	SDP	San Diego	51	55	547	532	1.8	0.512718187	73.59386729	0
2001	COL	Colorado	45	61	607	618	0	0.491784192	82.9657985	0
2000	NYY	New York	56	44	556	483	67.1	0.564040203	97.47884253	1
2000	BOS	Boston	54	48	522	475	34.1	0.543059473	90.4545582	0
2000	TOR	Toronto	55	52	588	628	20.1	0.469926796	81.90286511	0
2000	BAL	Baltimore	46	58	530	619	0.5	0.429456802	80.47398417	0
2000	TBD	Tampa Bay	44	59	503	565	0.2	0.447021835	73.46073388	0
2000	CHW	Chicago	64	41	648	551	98.1	0.57364668	74.22685071	1
2000	CLE	Cleveland	52	50	570	529	12.9	0.534098418	91.77965965	0
2000	DET	Detroit	48	56	492	558	1	0.442663117	71.55163657	0
2000	KCR	Kansas City	47	57	563	633	0.4	0.446589762	73.19888692	0
2000	MIN	Minnesota	48	60	514	583	0.1	0.44262534	70.08077626	0
2000	SEA	Seattle	61	44	602	472	81.3	0.609497287	80.31204868	1
2000	OAK	Oakland	58	47	627	563	51.4	0.549098876	82.70544437	1
2000	ANA	Anaheim	57	50	577	560	28.9	0.513678345	80.36125584	0
2000	TEX	Texas	50	53	567	595	4	0.477961826	86.25533153	0
2000	ATL	Atlanta	65	40	541	471	96	0.563054258	94.13133286	1
2000	NYM	New York	59	45	532	491	65.6	0.536625489	89.19078219	1
2000	FLA	Florida	51	54	484	522	2.2	0.465475947	67.58783608	0
2000	MON	Montreal	47	55	496	554	0.8	0.449577619	72.52514252	0
2000	PHI	Philadelphia	46	58	465	515	0.2	0.453411291	78.42487114	0
2000	STL	St. Louis	58	47	609	532	75.3	0.561529024	85.09642604	1
2000	CIN	Cincinnati	54	51	535	532	24.7	0.502572618	87.9873003	0
2000	CHC	Chicago	49	55	516	556	4.5	0.465895389	77.36284428	0
2000	PIT	Pittsburgh	45	58	500	534	0.8	0.46993841	78.47743731	0
2000	MIL	Milwaukee	44	62	464	558	0.1	0.416395458	72.31697401	0
2000	HOU	Houston	39	66	558	623	0	0.44975931	86.84202391	0
2000	SFG	San Francisco	57	46	593	525	51.4	0.555492191	84.49182141	1
2000	ARI	Arizona	58	47	517	476	51.1	0.537729092	89.17142324	0
2000	LAD	Los Angeles	55	49	551	496	24.5	0.547962263	82.52171698	0
2000	COL	Colorado	50	54	628	601	2.6	0.520094115	77.74738458	0
2000	SDP	San Diego	47	58	489	537	0.4	0.457266222	73.14006272	0
1999	NYY	New York	62	40	559	471	92.8	0.577730369	100.9159867	1
1999	TOR	Toronto	58	48	586	553	46.5	0.526492684	81.39834603	0
1999	BOS	Boston	56	47	513	477	40.6	0.533238313	84.50681363	1
1999	BAL	Baltimore	46	57	556	547	0.3	0.507465613	87.0385771	0
1999	TBD	Tampa Bay	43	61	506	614	0	0.412405835	70.35853386	0
1999	CLE	Cleveland	63	40	661	557	99.5	0.577684483	91.20679191	1
1999	CHW	Chicago	48	54	502	547	2.4	0.46080481	75.75921896	0
1999	MIN	Minnesota	44	58	471	555	0.2	0.425478932	71.36564287	0
1999	KCR	Kansas City	43	60	592	610	0	0.486300242	68.94365743	0
1999	DET	Detroit	42	62	495	584	0	0.424927368	76.03208039	0
1999	TEX	Texas	61	42	591	549	93.4	0.533674736	85.90953495	1
1999	OAK	Oakland	53	50	542	521	18.9	0.518070677	75.40698497	0
1999	SEA	Seattle	50	53	603	633	5.2	0.477801502	80.53811251	0
1999	ANA	Anaheim	43	59	431	518	0.1	0.416665536	85.9291587	0
1999	ATL	Atlanta	63	43	546	461	71	0.576805761	98.22203889	1
1999	NYM	New York	62	43	548	483	65.7	0.557507712	89.17599596	1
1999	PHI	Philadelphia	57	47	566	490	19.1	0.565586229	76.57359872	0
1999	FLA	Florida	41	64	465	556	0	0.418951875	64.64469197	0
1999	MON	Montreal	38	62	415	526	0	0.393230858	68.55670783	0
1999	HOU	Houston	64	41	534	431	84.7	0.596799338	92.05511088	1
1999	CIN	Cincinnati	59	43	523	458	50.9	0.560419186	81.20391266	0
1999	STL	St. Louis	52	52	522	555	2.2	0.471984383	82.49226106	0
1999	PIT	Pittsburgh	50	53	542	521	1.1	0.518070677	74.00090069	0
1999	MIL	Milwaukee	49	53	533	526	0.6	0.506047952	74.57157737	0
1999	CHC	Chicago	48	53	512	578	0.4	0.444754944	81.3512524	0
1999	ARI	Arizona	59	46	578	456	66.3	0.606794627	79.09070361	1
1999	SFG	San Francisco	56	48	569	525	35	0.536754178	83.21882919	0
1999	SDP	San Diego	49	54	446	465	2.5	0.480923072	78.6799285	0
1999	COL	Colorado	46	58	574	678	0.4	0.424402156	81.80156677	0
1999	LAD	Los Angeles	45	59	490	526	0.2	0.467610581	87.11720344	0
1998	NYY	New York	76	27	604	401	100	0.679089654	91.74962817	1
1998	BOS	Boston	63	44	586	476	89.9	0.593984175	80.76878434	1
1998	BAL	Baltimore	55	54	561	544	4	0.514074315	90.13533636	0
1998	TOR	Toronto	54	56	513	539	1.5	0.477396742	80.15706679	0
1998	TBD	Tampa Bay	43	63	395	487	0	0.405364393	68.94982852	0
1998	CLE	Cleveland	62	46	585	496	96.7	0.574935206	89.02155636	1
1998	MIN	Minnesota	51	56	492	476	3.3	0.515120732	73.77179098	0
1998	KCR	Kansas City	48	60	468	595	0.5	0.391891003	75.22400212	0
1998	CHW	Chicago	47	60	544	635	0.3	0.429704563	81.60008269	0
1998	DET	Detroit	44	63	472	560	0	0.422418563	77.08230709	0
1998	ANA	Anaheim	58	50	525	520	57.9	0.504377912	84.18473539	0
1998	TEX	Texas	57	51	616	602	44.2	0.510516154	82.73836474	1
1998	OAK	Oakland	48	60	548	582	0.8	0.472488528	72.01711674	0
1998	SEA	Seattle	48	60	582	567	0.8	0.511943576	89.73848152	0
1998	ATL	Atlanta	72	38	575	415	99.7	0.644911829	97.76488052	1
1998	NYM	New York	56	50	460	387	14.6	0.578404539	83.54726104	0
1998	PHI	Philadelphia	55	52	497	536	7.5	0.465493498	71.44010028	0
1998	MON	Montreal	42	67	424	545	0	0.387122053	74.49404856	0
1998	FLA	Florida	39	71	459	608	0	0.374149014	76.87516372	0
1998	HOU	Houston	65	44	602	443	87.5	0.636739044	84.65573503	1
1998	CHC	Chicago	62	48	551	503	55.9	0.541602268	80.00665367	1
1998	MIL	Milwaukee	55	54	491	514	4.9	0.479068285	77.45939843	0
1998	STL	St. Louis	51	57	527	552	0.7	0.478808722	84.489553	0
1998	PIT	Pittsburgh	50	59	440	453	0.3	0.486681941	77.56826747	0
1998	CIN	Cincinnati	48	62	464	533	0.1	0.436911666	76.90682833	0
1998	SDP	San Diego	71	38	547	437	99.7	0.601294927	83.9482576	1
1998	SFG	San Francisco	58	51	518	478	17.9	0.536700638	82.43579226	0
1998	LAD	Los Angeles	57	52	476	459	11.4	0.516632059	87.03848583	0
1998	COL	Colorado	48	61	525	594	0	0.443746583	84.60795962	0
1998	ARI	Arizona	40	69	449	559	0	0.401071706	70.88078685	0
1997	BAL	Baltimore	67	38	543	403	98.3	0.633127198	85.90955737	1
1997	NYY	New York	61	44	559	434	77.7	0.613768772	86.2864137	1
1997	TOR	Toronto	50	55	401	437	1	0.460748846	82.07668956	0
1997	BOS	Boston	51	57	587	585	1	0.50156143	79.11033801	0
1997	DET	Detroit	49	56	530	526	0.5	0.50346587	68.20285354	0
1997	CLE	Cleveland	54	48	544	533	54.1	0.509344641	91.47679607	1
1997	MIL	Milwaukee	53	52	454	486	24.4	0.468879303	76.79840194	0
1997	CHW	Chicago	53	53	526	537	21.3	0.490532308	87.36473653	0
1997	MIN	Minnesota	48	58	518	548	2.3	0.47426549	75.96443489	0
1997	KCR	Kansas City	44	60	473	521	0.5	0.455895424	77.29514892	0
1997	SEA	Seattle	60	47	622	577	62.1	0.534303283	88.28125735	1
1997	ANA	Anaheim	60	48	578	529	55.4	0.540439314	76.74467663	0
1997	TEX	Texas	50	56	512	517	1.5	0.495554018	83.17658733	0
1997	OAK	Oakland	42	68	513	640	0	0.400163965	77.51632777	0
1997	ATL	Atlanta	69	40	555	397	96	0.64864951	93.29870306	1
1997	FLA	Florida	61	45	455	425	53.1	0.531164822	85.05644796	1
1997	NYM	New York	60	46	502	451	38.8	0.548856855	76.71368865	0
1997	MON	Montreal	55	51	475	480	5.6	0.495209527	80.20039091	0
1997	PHI	Philadelphia	33	72	405	615	0	0.317679729	71.7565214	0
1997	HOU	Houston	59	49	497	439	81.9	0.556528741	80.98172984	1
1997	PIT	Pittsburgh	53	55	460	502	12.4	0.46011151	70.55940937	0
1997	STL	St. Louis	51	56	448	426	5.9	0.523020616	85.33052482	0
1997	CIN	Cincinnati	45	60	397	499	0.6	0.396883938	82.16601103	0
1997	CHC	Chicago	43	66	449	504	0	0.447330449	80.51324798	0
1997	LAD	Los Angeles	59	49	481	401	50.6	0.582461831	85.94559662	0
1997	SFG	San Francisco	59	49	495	524	50.4	0.473976268	75.27053272	1
1997	SDP	San Diego	52	56	560	599	3.5	0.4692378	83.07230399	0
1997	COL	Colorado	51	58	620	624	1.3	0.497057902	82.10504245	0
1996	NYY	New York	63	42	539	502	97.2	0.532489476	87.20998722	1
1996	BAL	Baltimore	53	52	613	601	12	0.509043789	88.01810808	1
1996	TOR	Toronto	49	58	550	568	0.9	0.485271326	72.61366213	0
1996	BOS	Boston	47	58	612	643	0.6	0.477409199	85.39623966	0
1996	DET	Detroit	35	72	528	760	0	0.339275044	68.93507392	0
1996	CLE	Cleveland	65	42	623	521	95.6	0.581077342	97.94184387	1
1996	CHW	Chicago	58	49	586	505	43	0.567641092	83.9024105	0
1996	MIL	Milwaukee	52	55	634	604	4	0.522162669	74.72019934	0
1996	MIN	Minnesota	51	55	594	601	3.5	0.494640311	70.50042671	0
1996	KCR	Kansas City	48	60	494	548	0.2	0.452681087	77.19016114	0
1996	TEX	Texas	61	46	635	531	77.3	0.581106966	80.65772428	1
1996	SEA	Seattle	58	48	675	611	50.1	0.545448405	85.80052072	0
1996	OAK	Oakland	55	53	603	588	13.2	0.511522498	70.81447169	0
1996	CAL	California	51	56	527	630	2.5	0.41904615	85.1984541	0
1996	ATL	Atlanta	65	41	528	410	98.2	0.613696837	96.13316457	1
1996	MON	Montreal	58	48	501	443	57.5	0.556052521	76.70706025	0
1996	NYM	New York	52	56	509	505	3.5	0.503609423	82.11520317	0
1996	FLA	Florida	49	58	440	464	1.1	0.475721363	79.22537089	0
1996	PHI	Philadelphia	43	63	434	520	0	0.418037413	76.75629343	0
1996	STL	St. Louis	56	50	511	492	45.4	0.517328132	80.34143551	1
1996	HOU	Houston	57	52	527	544	40.6	0.485479055	84.99922937	0
1996	CIN	Cincinnati	52	51	476	493	21	0.483951236	87.4529396	0
1996	CHC	Chicago	52	54	511	497	11.4	0.512706414	81.46789973	0
1996	PIT	Pittsburgh	48	59	489	545	1.2	0.450558434	69.54842524	0
1996	SDP	San Diego	58	51	535	483	52	0.546643403	78.07590517	1
1996	LAD	Los Angeles	57	51	447	427	47	0.520929634	86.0524328	1
1996	COL	Colorado	54	53	638	661	20.8	0.483803052	81.96159018	0
1996	SFG	San Francisco	46	60	497	559	0.4	0.446423034	76.45843874	0
